GEOID,NAME,T2_EST1,T8_LE80,T8_LE50_CB_PCT,T8_LE80_CB_PCT,T8_LE30_CB_PCT,CB_RENT_LE80,CB_OWN_LE80,OWN_GAP_RATIO,AFF_DEFICIT,MED_HH_INC,POVERTY_PCT,UNEMP_PCT,CB_PCT,VACANCY_PCT,SFD_PCT,MED_HOME_VAL,HB_UNITS,OR_UNITS,TOTAL_UNITS,TOTAL_AMT_K,LOWMODPCT,LMI_ELIGIBLE,HAS_HOME_INVEST,HAS_HB_INVEST,NEED_SCORE,DISP_SCORE,INV_SCORE,LMI_SCORE
48439110205,Census Tract 1102.05,1915,730,80.0,82.19,54.55,510,90,0.85,0.84,69662.0,7.12,2.0,34.66,7.04,45.51,233600.0,,,,,,False,False,False,40.73,67.01,,0.0
48439114010,Census Tract 1140.10,2725,905,100.0,85.08,,100,675,0.13,0.75,103939.0,0.92,5.22,39.19,0.0,94.64,298900.0,,,,,,False,False,False,59.2,56.12,,0.0
48439114109,Census Tract 1141.09,3795,775,100.0,67.74,100.0,0,525,0.0,0.24,112055.0,3.6,3.1,17.29,0.63,96.67,249000.0,,,,,,False,False,False,67.45,32.23,,0.0
48439122702,Census Tract 1227.02,1285,670,96.05,77.61,100.0,475,50,0.9,0.78,51345.0,20.66,0.0,46.38,17.89,51.88,166000.0,,,,,,False,False,False,77.35,52.9,,0.0
48439111317,Census Tract 1113.17,1485,330,76.09,69.7,84.21,120,115,0.51,0.52,89337.0,9.39,2.52,22.81,14.55,88.5,331800.0,,,,,,False,False,False,40.41,27.5,,0.0
48439122701,Census Tract 1227.01,820,465,83.82,63.44,86.84,295,0,1.0,0.88,39756.0,22.77,8.69,36.55,0.73,44.78,170500.0,,,,,,False,False,False,58.64,87.86,,0.0
48439123302,Census Tract 1233.02,1565,510,36.71,50.98,13.21,230,30,0.88,0.97,85000.0,15.31,4.22,24.52,9.22,2.84,286300.0,,,,,,False,False,False,27.88,68.74,,0.0
48439111020,Census Tract 1110.20,2130,1410,91.52,79.79,87.83,1070,60,0.95,0.86,42112.0,21.25,13.54,52.96,4.14,54.59,138600.0,,,,,,False,False,False,79.61,77.6,,0.0
48439111572,Census Tract 1115.72,880,95,0.0,73.68,0.0,0,70,0.0,0.26,73158.0,3.55,1.74,18.79,0.0,59.34,189900.0,,,,,,False,False,False,6.19,34.79,,0.0
48439111571,Census Tract 1115.71,1265,670,92.42,58.96,100.0,235,155,0.6,0.69,57870.0,6.39,0.0,45.34,5.1,44.98,192500.0,,,,,,False,False,False,63.93,55.91,,0.0
48439111561,Census Tract 1115.61,1340,430,100.0,60.47,100.0,120,145,0.45,0.28,67484.0,24.96,9.54,28.55,0.0,100.0,185900.0,,,,,,False,False,False,75.39,44.79,,0.0
48439100101,Census Tract 1001.01,1575,910,58.7,35.71,63.16,150,175,0.46,0.49,51442.0,8.17,2.63,23.2,13.67,91.05,104300.0,30.0,1.0,31.0,243.14,55.93,True,True,True,38.8,25.11,80.71,100.0
48439111562,Census Tract 1115.62,1445,270,89.47,68.52,100.0,45,140,0.24,0.19,111250.0,6.12,11.15,22.32,0.0,96.89,204000.0,,,,,,False,False,False,52.48,37.18,,0.0
48439110907,Census Tract 1109.07,1340,485,64.86,39.18,81.82,55,140,0.28,0.61,87560.0,1.98,4.53,19.42,5.7,76.97,209600.0,0.0,0.0,0.0,0.0,28.88,False,False,False,29.13,39.77,10.87,39.64
48439113403,Census Tract 1134.03,890,325,9.09,13.85,100.0,0,45,0.0,0.31,77969.0,11.81,4.71,4.49,10.0,84.75,171200.0,1.0,7.0,8.0,131.86,31.1,False,True,True,42.12,13.42,33.79,42.69
48439111019,Census Tract 1110.19,1440,740,95.24,40.54,100.0,120,185,0.39,0.49,59035.0,8.29,9.24,22.45,13.68,96.64,142500.0,,,,,,False,False,False,69.97,23.1,,0.0
48439111318,Census Tract 1113.18,1990,795,65.85,47.17,75.51,70,310,0.18,0.53,83158.0,8.57,11.52,21.39,14.8,75.49,224500.0,,,,,,False,False,False,43.14,18.78,,0.0
48439111554,Census Tract 1115.54,1285,290,88.0,65.52,77.78,60,130,0.32,0.41,106969.0,6.68,0.43,20.82,6.94,100.0,215100.0,,,,,,False,False,False,40.56,27.9,,0.0
48439113940,Census Tract 1139.40,2295,280,0.0,57.14,,0,160,0.0,0.5,127447.0,0.17,2.76,15.52,8.28,93.28,266300.0,,,,,,False,False,False,6.31,23.69,,0.0
48439111023,Census Tract 1110.23,2025,775,100.0,74.19,100.0,275,300,0.48,0.39,80646.0,8.44,0.39,33.23,2.92,99.23,171500.0,,,,,,False,False,False,73.55,42.76,,0.0
48439104602,Census Tract 1046.02,1225,905,61.73,35.91,65.12,190,139,0.58,0.44,43867.0,28.42,8.43,26.66,13.63,89.41,68700.0,22.0,0.0,22.0,158.24,67.6,True,True,True,51.74,27.57,71.83,100.0
48439121612,Census Tract 1216.12,1265,400,64.52,57.5,37.14,50,180,0.22,0.35,86275.0,14.61,4.21,24.8,5.31,79.28,254400.0,,,,,,False,False,False,30.36,28.36,,0.0
48439114204,Census Tract 1142.04,2535,915,54.74,50.82,26.32,255,210,0.55,0.61,71359.0,10.04,3.01,23.33,8.9,82.33,204700.0,2.0,5.0,67.0,112.73,32.88,False,True,True,36.09,41.07,63.32,45.13
48439102700,Census Tract 1027,1650,545,85.71,71.56,76.67,255,130,0.66,0.8,80673.0,8.11,2.64,31.05,8.17,68.15,317100.0,5.0,0.0,5.0,26.14,26.23,False,True,True,45.94,54.75,38.59,36.0
48439104100,Census Tract 1041,1445,395,50.48,52.66,57.42,170,32,0.84,0.91,84574.0,7.75,1.96,18.09,11.69,74.36,279300.0,6.0,9.0,39.0,527.38,48.6,False,True,True,22.49,60.86,65.04,66.71
48439106521,Census Tract 1065.21,1755,595,81.72,69.75,100.0,335,85,0.8,0.7,77392.0,12.71,6.22,29.84,8.73,71.31,176000.0,,,,,,False,False,False,62.84,55.95,,0.0
48439123301,Census Tract 1233.01,690,170,100.0,100.0,100.0,160,15,0.91,1.0,99219.0,10.25,6.74,32.75,17.07,1.68,324000.0,,,,,,False,False,False,61.1,63.97,,0.0
48439106524,Census Tract 1065.24,1555,545,82.86,49.54,71.43,124,150,0.45,0.58,82500.0,3.03,5.85,20.5,1.08,69.29,206400.0,,,,,,False,False,False,36.26,53.26,,0.0
48439113223,Census Tract 1132.23,1295,650,80.88,76.92,57.69,365,140,0.72,0.74,54273.0,6.87,6.52,42.41,8.6,44.05,185800.0,,,,,,False,False,False,39.08,54.72,,0.0
48439104504,Census Tract 1045.04,1050,715,62.75,46.85,68.12,210,125,0.63,0.59,35678.0,31.77,4.94,33.37,8.52,71.39,95000.0,7.0,0.0,7.0,42.26,91.42,True,True,True,49.69,44.13,43.21,100.0
48439104505,Census Tract 1045.05,1640,1340,57.3,47.01,65.33,180,445,0.29,0.27,32280.0,33.29,7.49,39.98,13.04,84.0,87000.0,54.0,3.0,70.0,966.1,63.75,True,True,True,56.95,13.06,96.11,100.0
48439113005,Census Tract 1130.05,795,515,90.12,74.76,100.0,375,10,0.97,0.91,,21.43,0.82,51.63,0.0,32.66,155700.0,,,,,,False,False,False,71.36,89.9,,0.0
48439122001,Census Tract 1220.01,1035,565,65.57,38.94,88.89,95,125,0.43,0.25,53833.0,15.02,6.6,26.89,7.35,90.95,98800.0,22.0,9.0,31.0,436.6,68.79,True,True,True,49.45,26.18,77.36,100.0
48439122002,Census Tract 1220.02,1500,1135,81.69,59.82,89.86,460,214,0.68,0.69,39363.0,18.6,11.19,45.24,9.96,52.25,122100.0,45.0,14.0,59.0,1252.2,61.57,True,True,True,70.93,48.35,92.21,100.0
48439121907,Census Tract 1219.07,1500,1120,75.52,57.14,75.58,510,130,0.8,0.86,38346.0,34.84,3.0,44.53,10.25,22.71,168300.0,,,,,,False,False,False,65.27,58.27,,0.0
48439121908,Census Tract 1219.08,455,405,84.31,75.31,69.23,305,0,1.0,1.0,33182.0,22.42,0.0,70.04,12.86,7.68,,,,,,,False,False,False,49.75,70.07,,0.0
48439111306,Census Tract 1113.06,1870,765,59.29,54.9,38.98,230,190,0.55,0.52,73241.0,16.52,3.03,27.19,3.26,62.71,192600.0,36.0,15.0,51.0,343.72,32.71,False,True,True,39.74,50.15,89.58,44.9
48439111522,Census Tract 1115.22,1945,890,93.81,52.81,100.0,140,325,0.3,0.16,67727.0,18.99,4.33,28.67,12.97,88.01,129800.0,66.0,22.0,88.0,1125.58,49.07,False,True,True,80.88,12.21,98.37,67.35
48439111406,Census Tract 1114.06,1345,160,64.44,74.38,100.0,55,59,0.48,0.66,122269.0,1.84,4.28,22.42,1.17,86.65,291500.0,0.0,1.0,1.0,20.03,9.85,False,True,False,31.82,58.19,16.85,13.52
48439111308,Census Tract 1113.08,815,350,78.72,61.14,77.78,179,35,0.84,0.85,70938.0,11.51,2.62,28.78,0.73,70.33,180100.0,0.0,0.0,0.0,0.0,39.07,False,False,False,41.51,80.89,10.87,53.63
48439122801,Census Tract 1228.01,1450,1105,75.66,66.06,64.47,710,19,0.97,0.97,35423.0,29.7,6.73,51.72,10.92,13.99,137000.0,10.0,3.0,13.0,153.37,77.39,True,True,True,60.83,68.23,50.91,100.0
48439113115,Census Tract 1131.15,1795,950,78.65,58.95,78.57,400,148,0.73,0.72,47995.0,21.58,7.85,34.91,11.33,12.81,86700.0,16.0,0.0,16.0,70.75,47.33,False,True,True,62.82,49.56,60.14,64.96
48439113947,Census Tract 1139.47,985,250,100.0,100.0,100.0,0,250,0.0,0.9,88028.0,3.04,9.3,45.18,0.0,100.0,324200.0,,,,,,False,False,False,53.81,59.59,,0.0
48439111010,Census Tract 1110.10,1405,540,90.28,79.63,90.48,250,180,0.58,0.87,73214.0,1.99,0.37,36.7,14.42,65.86,392000.0,0.0,0.0,0.0,0.0,29.23,False,False,False,48.06,45.1,10.87,40.12
48439113957,Census Tract 1139.57,1230,135,43.48,51.85,35.0,0,70,0.0,1.0,250001.0,5.7,2.49,13.66,4.43,93.78,643800.0,,,,,,False,False,False,10.9,55.31,,0.0
48439113636,Census Tract 1136.36,1300,580,100.0,81.9,100.0,465,4,0.99,0.97,52949.0,1.64,12.59,41.69,5.32,7.65,306300.0,,,,,,False,False,False,59.32,80.89,,0.0
48439111516,Census Tract 1115.16,2125,935,91.18,72.73,88.0,390,295,0.57,0.44,69391.0,4.64,5.33,35.91,6.14,82.51,161300.0,28.0,10.0,39.0,382.66,31.8,False,True,True,60.18,39.74,84.15,43.65
48439104603,Census Tract 1046.03,1140,885,36.96,23.16,57.14,135,70,0.66,0.4,45147.0,17.46,4.63,19.26,7.9,94.44,76300.0,8.0,0.0,8.0,42.4,76.9,True,True,True,41.47,37.82,45.11,100.0
48439111304,Census Tract 1113.04,2635,685,70.59,55.47,63.64,265,115,0.7,0.67,92049.0,1.87,5.45,22.7,1.39,88.17,243700.0,0.0,0.0,0.0,0.0,10.46,False,False,False,29.39,67.32,10.87,14.36
48439106101,Census Tract 1061.01,520,355,67.39,47.89,57.89,74,95,0.44,0.34,45451.0,19.81,8.76,34.67,13.0,76.33,87200.0,7.0,0.0,7.0,45.82,71.2,True,True,True,36.24,19.22,43.21,100.0
48439111505,Census Tract 1115.05,1795,765,82.98,58.82,98.25,269,180,0.6,0.63,76346.0,15.05,8.46,26.17,3.28,73.02,205000.0,7.0,1.0,8.0,87.74,32.9,False,True,True,66.4,57.42,44.11,45.16
48439106502,Census Tract 1065.02,1130,485,79.49,68.66,88.65,210,123,0.63,0.47,64318.0,10.73,10.47,30.21,16.02,73.81,156700.0,21.0,0.0,21.0,204.14,36.97,False,True,True,49.94,28.92,69.93,50.74
48439106503,Census Tract 1065.03,1975,1200,62.22,48.33,58.9,285,305,0.48,0.6,47120.0,13.61,1.13,40.76,8.9,69.74,147200.0,41.0,0.0,41.0,317.9,61.7,True,True,True,48.8,38.09,88.32,100.0
48439106507,Census Tract 1065.07,1100,530,86.21,65.09,65.38,280,69,0.8,0.78,57553.0,10.02,9.66,40.05,9.61,42.61,213100.0,5.0,0.0,5.0,50.0,32.7,False,True,True,44.53,57.34,38.59,44.88
48439114112,Census Tract 1141.12,1545,165,76.92,81.82,100.0,0,135,0.0,0.82,133642.0,6.26,1.78,18.65,3.98,100.0,289400.0,,,,,,False,False,False,43.12,47.4,,0.0
48439111538,Census Tract 1115.38,1910,515,100.0,85.44,100.0,370,70,0.84,0.72,80820.0,0.82,0.91,30.43,12.71,47.42,174700.0,1.0,0.0,1.0,5.0,27.59,False,True,True,56.59,53.07,24.46,37.87
48439111557,Census Tract 1115.57,790,500,95.0,55.0,71.43,140,140,0.5,0.45,52667.0,7.17,1.9,40.74,1.75,70.82,143300.0,,,,,,False,False,False,47.77,47.83,,0.0
48439113943,Census Tract 1139.43,1530,145,100.0,72.41,,45,50,0.47,0.59,103077.0,5.32,4.8,15.67,3.95,98.56,322000.0,,,,,,False,False,False,43.05,48.55,,0.0
48439113931,Census Tract 1139.31,3570,640,91.49,74.22,100.0,110,365,0.23,0.39,102405.0,2.64,6.86,25.84,5.18,80.75,243500.0,,,,,,False,False,False,58.13,29.96,,0.0
48439114012,Census Tract 1140.12,2895,535,87.8,57.94,60.0,85,220,0.28,0.15,93902.0,2.28,2.69,26.07,0.38,97.18,214800.0,,,,,,False,False,False,35.25,36.18,,0.0
48439113638,Census Tract 1136.38,755,280,89.29,85.71,89.29,195,45,0.81,0.91,70230.0,9.39,10.66,35.71,0.0,39.55,258300.0,,,,,,False,False,False,50.18,84.53,,0.0
48439113509,Census Tract 1135.09,1695,855,82.26,50.29,89.36,285,150,0.66,0.48,57462.0,9.03,4.65,28.89,0.0,82.19,133300.0,5.0,21.0,26.0,344.01,61.29,True,True,True,59.12,59.48,58.51,100.0
48439113511,Census Tract 1135.11,1390,660,82.5,57.58,100.0,320,60,0.84,0.76,58571.0,5.23,5.53,32.66,1.35,65.37,209000.0,0.0,2.0,2.0,43.8,26.5,False,True,False,56.08,76.98,18.75,36.37
48439113512,Census Tract 1135.12,2515,1065,84.62,68.54,67.39,605,120,0.83,0.72,60335.0,5.82,3.81,36.49,7.81,42.65,184900.0,0.0,3.0,3.0,47.57,34.05,False,True,False,50.98,60.38,20.38,46.74
48439113513,Census Tract 1135.13,2075,910,94.44,62.64,82.61,445,135,0.77,0.69,59919.0,5.07,2.25,31.26,9.66,56.92,193800.0,1.0,11.0,12.0,226.45,34.81,False,True,True,58.52,52.6,37.32,47.78
48439113908,Census Tract 1139.08,1585,100,31.67,43.0,26.67,0,43,0.0,0.7,237256.0,0.84,2.48,16.35,0.63,99.18,645700.0,0.0,0.0,0.0,0.0,5.41,False,False,False,3.31,50.43,10.87,7.43
48439104502,Census Tract 1045.02,1035,685,45.35,35.04,43.75,164,74,0.69,0.46,46645.0,17.82,2.7,22.94,10.25,72.81,77200.0,20.0,11.0,34.0,843.35,79.73,True,True,True,35.82,37.1,76.81,100.0
48439103701,Census Tract 1037.01,1345,1095,37.5,20.09,42.62,105,110,0.49,0.36,44611.0,23.12,4.03,18.29,6.73,90.36,88300.0,33.0,3.0,37.0,553.13,83.68,True,True,True,46.5,31.92,85.14,100.0
48439103800,Census Tract 1038,1125,965,62.69,54.92,54.67,420,110,0.79,0.63,31426.0,32.85,5.18,47.46,17.43,78.38,104000.0,45.0,2.0,58.0,1829.41,84.88,True,True,True,52.03,42.98,91.85,100.0
48439103702,Census Tract 1037.02,990,745,55.56,40.27,52.08,195,110,0.64,0.52,45096.0,24.85,20.97,30.95,8.99,95.41,73700.0,28.0,13.0,42.0,1311.25,74.8,True,True,True,43.48,40.25,85.05,100.0
48439122802,Census Tract 1228.02,1705,1060,73.29,65.57,71.08,625,70,0.9,0.77,39306.0,33.26,11.44,43.12,10.16,57.53,154200.0,23.0,14.0,37.0,406.68,54.21,True,True,True,61.74,59.62,81.25,100.0
48439105902,Census Tract 1059.02,1210,1005,81.01,66.17,85.96,660,4,0.99,0.9,23425.0,44.37,8.44,55.67,17.64,11.44,85000.0,4.0,0.0,100.0,26.67,84.68,True,True,True,71.95,59.95,69.11,100.0
48439105514,Census Tract 1055.14,1700,1085,96.55,77.42,93.18,840,0,1.0,1.0,42577.0,11.2,4.33,54.53,10.99,0.52,,0.0,0.0,0.0,0.0,58.79,True,False,False,75.71,72.08,10.87,100.0
48439111526,Census Tract 1115.26,1740,775,60.95,47.1,70.18,220,150,0.59,0.43,61875.0,16.83,3.47,24.24,3.39,56.83,153800.0,14.0,1.0,16.0,105.13,50.07,False,True,True,46.06,47.76,58.24,68.72
48439111529,Census Tract 1115.29,1365,370,78.05,66.22,88.46,160,85,0.65,0.48,87222.0,7.38,6.17,27.01,3.46,79.86,207900.0,4.0,1.0,20.0,481.76,18.09,False,True,True,42.47,52.16,49.91,24.83
48439121606,Census Tract 1216.06,1340,290,86.21,70.69,100.0,10,195,0.05,0.36,105560.0,1.41,1.58,19.03,1.11,75.72,262400.0,3.0,0.0,3.0,26.58,15.12,False,True,True,44.39,35.96,32.25,20.75
48439114203,Census Tract 1142.03,1950,1045,70.83,46.41,75.44,235,245,0.49,0.42,56833.0,11.36,5.6,27.36,21.89,72.41,158900.0,3.0,7.0,10.0,122.06,33.96,False,True,True,52.42,19.01,39.58,46.61
48439113710,Census Tract 1137.10,1910,550,87.5,77.27,100.0,250,170,0.6,0.93,75993.0,6.12,6.49,27.58,1.39,57.69,241600.0,1.0,0.0,1.0,5.18,34.28,False,True,True,57.93,73.03,24.46,47.05
48439104701,Census Tract 1047.01,1385,1010,68.64,40.1,80.25,340,60,0.85,0.5,44083.0,22.69,10.51,28.98,4.08,91.77,73100.0,20.0,0.0,20.0,138.12,74.64,True,True,True,60.4,60.38,67.3,100.0
48439121905,Census Tract 1219.05,2275,1795,80.76,72.7,81.22,1280,25,0.98,0.98,24060.0,46.42,6.25,58.57,18.28,4.99,216700.0,0.0,0.0,0.0,0.0,79.07,True,False,False,73.33,62.86,10.87,100.0
48439113813,Census Tract 1138.13,1905,240,100.0,93.75,100.0,0,225,0.0,0.92,150685.0,0.89,6.94,21.7,0.57,99.9,364100.0,0.0,0.0,0.0,0.0,6.98,False,False,False,50.39,58.81,10.87,9.58
48439102601,Census Tract 1026.01,1705,1200,65.49,50.33,74.0,560,49,0.92,0.79,36469.0,18.78,6.92,37.79,9.11,41.43,150700.0,21.0,1.0,22.0,313.63,60.03,True,True,True,56.85,62.7,70.92,100.0
48439113919,Census Tract 1139.19,2365,465,92.5,72.04,100.0,10,325,0.03,0.22,120659.0,2.3,5.27,22.61,1.54,96.92,239700.0,3.0,0.0,3.0,18.0,8.1,False,True,True,53.79,31.27,32.25,11.12
48439113517,Census Tract 1135.17,1705,545,86.49,55.05,78.57,255,50,0.84,0.93,77500.0,6.17,2.24,21.51,3.56,32.84,274600.0,1.0,0.0,5.0,23.26,34.63,False,True,True,44.94,79.53,30.53,47.53
48439113218,Census Tract 1132.18,1265,250,87.2,81.6,100.0,60,144,0.29,0.59,112759.0,5.63,2.0,21.28,3.95,76.82,245300.0,0.0,0.0,0.0,0.0,10.5,False,False,False,49.83,43.59,10.87,14.41
48439113301,Census Tract 1133.01,1280,350,81.25,51.43,91.67,80,105,0.43,0.53,76604.0,0.78,1.38,16.04,8.84,86.66,178500.0,1.0,16.0,29.0,359.72,26.62,False,True,True,36.51,33.28,51.36,36.54
48439113408,Census Tract 1134.08,2085,990,77.23,57.58,88.89,195,380,0.34,0.38,52434.0,11.88,2.33,35.97,11.35,87.03,160600.0,35.0,42.0,77.0,897.98,51.73,True,True,True,61.91,19.43,93.12,100.0
48439113108,Census Tract 1131.08,1700,265,81.58,67.55,88.89,44,134,0.25,0.55,132500.0,7.14,1.97,20.02,0.0,95.17,267900.0,0.0,0.0,0.0,0.0,10.63,False,False,False,42.21,48.89,10.87,14.59
48439113116,Census Tract 1131.16,1920,1235,67.48,55.47,65.45,685,0,1.0,0.99,42690.0,13.44,10.38,38.99,15.71,5.44,261400.0,0.0,0.0,0.0,0.0,58.15,True,False,False,52.68,66.17,10.87,100.0
48439123100,Census Tract 1231,1050,855,73.23,63.74,84.85,300,245,0.55,0.58,26885.0,42.35,7.85,53.71,19.54,69.43,83100.0,65.0,22.0,92.0,2678.71,84.34,True,True,True,64.48,29.08,98.46,100.0
48439101302,Census Tract 1013.02,960,695,59.76,48.92,82.61,130,210,0.38,0.5,45160.0,41.0,8.06,35.52,5.97,81.49,98000.0,32.0,29.0,61.0,1285.58,75.04,True,True,True,54.3,36.53,89.13,100.0
48439105901,Census Tract 1059.01,1115,680,58.33,41.18,75.47,220,55,0.8,0.55,49781.0,16.97,9.01,28.43,2.02,75.57,83100.0,12.0,0.0,278.0,188.58,80.92,True,True,True,44.08,64.49,78.35,100.0
48439123200,Census Tract 1232,1330,605,74.03,68.43,80.77,359,55,0.87,0.83,60343.0,12.67,1.64,37.69,11.2,22.93,87000.0,18.0,13.0,35.0,678.89,67.69,True,True,True,47.55,58.73,75.27,100.0
48439123600,Census Tract 1236,1290,805,88.5,79.5,91.36,615,20,0.97,0.93,38444.0,37.47,3.27,57.45,15.26,22.24,,5.0,3.0,20.0,306.46,93.85,True,True,True,75.75,62.59,51.9,100.0
48439111540,Census Tract 1115.40,2035,800,74.03,50.0,41.38,295,105,0.74,0.48,69408.0,6.35,1.5,26.71,4.78,76.58,164200.0,20.0,1.0,21.0,164.8,34.24,False,True,True,36.68,51.73,68.66,47.0
48439111541,Census Tract 1115.41,1255,475,63.41,69.47,62.96,190,135,0.58,0.47,69850.0,13.41,9.09,29.44,6.54,96.06,147100.0,54.0,4.0,58.0,601.17,35.65,False,True,True,35.02,40.79,93.3,48.93
48439111542,Census Tract 1115.42,1780,445,81.58,58.43,100.0,89,169,0.34,0.24,102500.0,2.46,3.02,19.58,4.76,97.38,194000.0,20.0,1.0,21.0,147.64,26.06,False,True,True,46.86,29.88,68.66,35.77
48439113207,Census Tract 1132.07,1540,370,72.5,64.86,53.33,45,190,0.19,0.3,98144.0,2.77,2.64,28.23,0.0,93.58,232200.0,1.0,2.0,3.0,39.96,16.08,False,True,True,21.83,37.93,27.99,22.07
48439111543,Census Tract 1115.43,2320,1150,93.87,83.04,97.26,620,335,0.65,0.67,55469.0,20.87,5.65,50.84,6.41,58.39,172400.0,31.0,3.0,34.0,291.23,53.17,True,True,True,82.6,53.47,82.52,100.0
48439111544,Census Tract 1115.44,2505,865,75.58,73.99,62.5,250,390,0.39,0.33,77993.0,11.22,3.71,33.55,2.79,95.89,167300.0,53.0,5.0,59.0,472.27,26.86,False,True,True,47.48,38.14,93.39,36.87
48439111551,Census Tract 1115.51,2255,335,78.13,85.07,0.0,130,160,0.45,0.74,117188.0,0.24,2.23,31.4,6.0,86.83,291800.0,0.0,0.0,0.0,0.0,11.5,False,False,False,17.49,49.47,10.87,15.78
48439111311,Census Tract 1113.11,2335,340,90.0,83.82,100.0,140,145,0.49,0.51,119063.0,4.06,2.72,20.8,6.0,88.01,283100.0,0.0,0.0,0.0,0.0,6.38,False,False,False,51.84,41.04,10.87,8.76
48439103601,Census Tract 1036.01,825,700,59.02,53.57,58.43,310,69,0.82,0.79,19712.0,53.95,13.21,45.7,27.06,51.11,47200.0,19.0,1.0,20.0,326.34,91.3,True,True,True,47.04,48.1,65.94,100.0
48439113404,Census Tract 1134.04,2050,1075,77.39,53.95,100.0,400,180,0.69,0.56,51932.0,12.18,4.93,28.95,4.91,68.4,174700.0,1.0,8.0,9.0,188.51,31.57,False,True,True,70.63,53.82,34.51,43.33
48439122100,Census Tract 1221,2015,1395,58.94,51.25,58.18,430,280,0.61,0.49,44538.0,23.53,0.24,35.4,6.79,93.21,98200.0,61.0,31.0,92.0,1270.14,69.72,True,True,True,53.94,41.28,98.01,100.0
48439104503,Census Tract 1045.03,810,640,49.72,29.53,56.41,84,110,0.43,0.22,37368.0,30.64,11.69,31.23,9.6,94.2,78000.0,15.0,8.0,23.0,797.05,69.36,True,True,True,41.02,21.28,65.58,100.0
48439103500,Census Tract 1035,1360,985,59.56,41.52,53.85,254,153,0.62,0.58,34464.0,28.17,5.08,31.89,16.74,73.02,88700.0,39.0,1.0,81.0,1009.49,78.48,True,True,True,50.24,33.92,94.02,100.0
48439102500,Census Tract 1025,1325,1075,48.57,42.33,60.47,340,115,0.75,0.49,32733.0,21.97,7.2,35.14,19.78,87.3,85400.0,129.0,16.0,145.0,2376.33,72.5,True,True,True,49.33,33.33,99.82,100.0
48439113520,Census Tract 1135.20,2365,665,83.64,68.42,77.5,365,90,0.8,0.77,74316.0,6.22,3.11,29.33,6.01,35.2,198000.0,0.0,0.0,0.0,0.0,15.96,False,False,False,45.33,64.83,10.87,21.91
48439104900,Census Tract 1049,955,685,50.45,29.05,80.0,90,114,0.44,0.34,47886.0,13.11,4.79,21.32,4.68,92.13,112200.0,20.0,1.0,21.0,220.01,40.44,False,True,True,42.33,35.18,68.66,55.51
48439113948,Census Tract 1139.48,1735,530,97.5,90.57,97.06,360,120,0.75,0.88,81473.0,20.23,2.61,27.62,0.0,60.73,211700.0,,,,,,False,False,False,70.8,80.84,,0.0
48439111566,Census Tract 1115.66,1875,195,100.0,69.23,,135,0,1.0,0.92,166384.0,1.17,1.54,17.76,0.0,90.4,343300.0,,,,,,False,False,False,37.71,92.33,,0.0
48439105408,Census Tract 1054.08,1115,205,47.62,65.85,42.11,105,28,0.79,0.81,94575.0,6.38,1.31,19.23,17.62,44.41,381200.0,,,,,,False,False,False,14.71,49.13,,0.0
48439111513,Census Tract 1115.13,1335,450,80.65,40.0,66.67,90,95,0.49,0.27,77939.0,2.99,9.41,18.15,2.7,97.3,173700.0,13.0,2.0,16.0,112.12,22.07,False,True,True,30.86,40.15,56.79,30.29
48439113006,Census Tract 1130.06,535,350,100.0,91.43,100.0,300,20,0.94,0.94,46328.0,17.67,0.0,61.91,21.73,27.31,179900.0,,,,,,False,False,False,70.07,59.5,,0.0
48439111319,Census Tract 1113.19,2620,475,91.43,81.05,100.0,260,125,0.68,0.84,122143.0,3.77,1.13,22.69,6.4,66.89,353900.0,,,,,,False,False,False,55.52,60.7,,0.0
48439111320,Census Tract 1113.20,1330,180,12.5,36.11,0.0,0,65,0.0,0.81,126202.0,6.65,3.91,28.25,4.11,100.0,347700.0,,,,,,False,False,False,11.76,46.65,,0.0
48439113923,Census Tract 1139.23,2030,650,76.92,59.23,41.67,305,85,0.78,0.66,78435.0,4.29,4.69,26.13,4.6,32.39,194300.0,5.0,0.0,5.0,42.0,15.5,False,True,True,31.62,62.8,38.59,21.27
48439106519,Census Tract 1065.19,760,615,95.6,73.98,96.36,455,0,1.0,0.91,23571.0,33.69,1.92,65.35,22.64,9.24,,,,,,,False,False,False,75.46,60.21,,0.0
48439113918,Census Tract 1139.18,2040,715,94.81,70.63,92.0,280,230,0.55,0.5,65391.0,6.56,4.05,29.79,3.09,83.29,150200.0,18.0,0.0,18.0,129.18,25.85,False,True,True,61.94,49.85,63.41,35.48
48439113936,Census Tract 1139.36,2005,250,100.0,62.0,,65,90,0.42,0.6,96286.0,0.82,2.0,29.91,0.0,97.9,273500.0,,,,,,False,False,False,38.11,56.01,,0.0
48439101202,Census Tract 1012.02,1580,990,47.75,34.85,82.86,90,255,0.26,0.4,57510.0,14.72,6.43,22.74,9.04,85.77,98300.0,17.0,8.0,44.0,748.36,72.43,True,True,True,50.98,22.02,77.54,100.0
48439101301,Census Tract 1013.01,1860,880,73.95,58.52,86.08,270,250,0.52,0.43,61887.0,16.33,5.88,31.22,9.92,87.51,113900.0,61.0,0.0,61.0,424.19,32.43,False,True,True,59.32,29.19,94.84,44.51
48439121605,Census Tract 1216.05,1280,650,63.77,49.23,69.77,175,145,0.55,0.53,54423.0,8.95,7.21,30.19,8.62,72.06,174400.0,17.0,3.0,20.0,627.44,26.65,False,True,True,37.35,37.46,64.22,36.58
48439121608,Census Tract 1216.08,2290,725,72.33,55.72,81.43,230,173,0.57,0.36,74684.0,5.82,3.97,21.46,1.38,91.21,188000.0,20.0,4.0,24.0,296.38,23.7,False,True,True,42.52,47.71,71.38,32.53
48439101401,Census Tract 1014.01,2120,1185,76.22,48.52,79.31,335,245,0.58,0.48,52356.0,14.19,3.04,27.68,7.06,75.5,131300.0,32.0,0.0,32.0,220.84,43.39,False,True,True,60.54,39.16,81.61,59.55
48439101403,Census Tract 1014.03,1655,1230,71.59,54.88,78.57,415,265,0.61,0.57,39750.0,32.13,13.58,40.76,17.37,58.23,103800.0,48.0,1.0,74.0,674.6,69.5,True,True,True,65.25,32.5,95.38,100.0
48439101402,Census Tract 1014.02,1245,765,50.43,39.22,57.89,169,125,0.57,0.42,44563.0,18.45,11.35,28.05,8.6,91.92,92200.0,25.0,0.0,25.0,223.79,78.54,True,True,True,41.12,33.69,76.81,100.0
48439121614,Census Tract 1216.14,1020,670,100.0,50.75,100.0,340,0,1.0,1.0,48148.0,36.58,3.87,38.41,17.44,0.0,,,,,,,False,False,False,83.38,66.66,,0.0
48439104802,Census Tract 1048.02,1360,1010,66.2,48.51,80.0,315,175,0.64,0.46,36953.0,29.96,4.72,36.56,9.98,79.58,88600.0,33.0,0.0,33.0,273.55,76.7,True,True,True,60.75,35.57,82.97,100.0
48439100102,Census Tract 1001.02,1715,795,68.22,62.89,86.49,400,103,0.8,0.76,60472.0,19.75,4.61,33.49,3.59,77.71,170600.0,13.0,1.0,14.0,115.04,63.37,True,True,True,57.76,70.36,54.98,100.0
48439121702,Census Tract 1217.02,1285,730,84.54,69.18,84.75,505,0,1.0,0.99,45488.0,19.49,2.97,43.54,9.32,14.19,119600.0,2.0,0.0,2.0,13.24,53.99,True,True,True,63.08,73.59,28.8,100.0
48439121703,Census Tract 1217.03,1800,1260,86.23,63.89,93.0,730,75,0.91,0.92,34803.0,35.41,4.95,48.08,4.3,29.06,206300.0,12.0,0.0,12.0,227.2,74.21,True,True,True,81.11,79.09,52.08,100.0
48439100202,Census Tract 1002.02,1365,945,66.96,45.5,84.62,225,200,0.53,0.38,44347.0,19.25,8.13,32.13,7.59,89.02,87900.0,27.0,0.0,27.0,238.38,75.15,True,True,True,58.97,32.49,79.08,100.0
48439122901,Census Tract 1229.01,975,675,55.7,40.0,53.33,190,80,0.7,0.39,44503.0,14.64,9.79,29.8,0.0,93.22,95800.0,,,,,,False,False,False,36.64,58.06,,0.0
48439122902,Census Tract 1229.02,945,450,89.71,67.78,100.0,225,80,0.74,0.71,60750.0,25.99,0.0,37.12,0.0,54.29,109100.0,,,,,,False,False,False,70.71,73.98,,0.0
48439100300,Census Tract 1003,1745,1160,75.88,61.21,80.2,565,145,0.8,0.65,39934.0,21.13,13.49,40.76,4.43,70.73,110100.0,50.0,5.0,55.0,714.0,73.45,True,True,True,64.5,63.62,92.21,100.0
48439102000,Census Tract 1020,2540,855,71.29,80.12,65.43,675,8,0.99,1.0,75227.0,16.56,1.63,38.55,14.27,1.89,529800.0,0.0,0.0,0.0,0.0,62.43,True,False,False,49.82,66.98,10.87,100.0
48439102202,Census Tract 1022.02,1485,460,96.15,83.7,100.0,180,209,0.46,0.93,100033.0,3.9,1.72,38.38,10.43,56.09,535000.0,0.0,0.0,0.0,0.0,24.72,False,False,False,57.59,48.13,10.87,33.93
48439113628,Census Tract 1136.28,2140,765,97.4,68.63,100.0,500,25,0.95,0.96,64746.0,8.12,5.45,35.02,2.19,20.9,270700.0,0.0,0.0,0.0,0.0,46.47,False,False,False,71.15,86.68,10.87,63.78
48439113629,Census Tract 1136.29,1915,760,86.25,73.68,78.79,440,114,0.79,0.84,80995.0,16.35,0.71,37.19,9.53,46.58,219000.0,1.0,1.0,2.0,32.88,31.71,False,True,True,60.06,58.34,26.36,43.52
48439113109,Census Tract 1131.09,1755,875,93.62,79.43,92.31,640,49,0.93,0.95,48889.0,16.68,5.11,46.75,12.9,29.56,236400.0,5.0,0.0,5.0,26.99,42.82,False,True,True,73.91,64.55,38.59,58.77
48439110102,Census Tract 1101.02,1245,830,87.64,56.63,88.64,295,174,0.63,0.56,46905.0,18.16,3.24,39.39,6.47,65.11,114000.0,9.0,7.0,16.0,158.74,62.03,True,True,True,68.64,47.09,52.81,100.0
48439106514,Census Tract 1065.14,2285,915,88.54,79.23,83.87,600,125,0.83,0.86,65296.0,6.16,7.86,38.61,18.06,39.34,194300.0,3.0,0.0,3.0,37.8,44.61,False,True,True,57.69,53.31,32.25,61.23
48439113514,Census Tract 1135.14,1575,870,83.51,63.22,86.49,475,74,0.87,0.84,57883.0,15.23,2.36,35.37,10.71,48.07,168600.0,3.0,14.0,17.0,302.12,65.83,True,True,True,63.83,59.69,45.65,100.0
48439106515,Census Tract 1065.15,1895,1200,95.74,75.0,100.0,835,58,0.94,0.93,37090.0,13.35,9.25,54.27,17.42,21.65,186900.0,5.0,0.0,5.0,58.13,59.56,True,True,True,83.28,60.39,38.59,100.0
48439113519,Census Tract 1135.19,2750,705,91.43,83.69,87.5,355,235,0.6,0.77,84527.0,2.27,3.3,29.37,1.11,44.21,275200.0,5.0,1.0,6.0,26.23,22.81,False,True,True,51.7,67.28,40.04,31.31
48439111407,Census Tract 1114.07,1110,245,90.63,69.39,100.0,55,115,0.32,0.41,125337.0,6.76,3.12,23.51,4.97,93.66,270400.0,1.0,0.0,1.0,4.0,14.38,False,True,True,53.65,33.54,24.46,19.74
48439111409,Census Tract 1114.09,1815,160,76.47,75.0,50.0,0,120,0.0,0.62,129151.0,6.19,2.96,17.39,1.41,99.29,281100.0,3.0,0.0,3.0,17.49,15.53,False,True,True,23.04,45.21,32.25,21.32
48439121906,Census Tract 1219.06,1255,845,95.61,66.27,94.12,495,65,0.88,0.85,42469.0,31.66,7.89,49.68,11.61,29.7,139100.0,5.0,5.0,10.0,125.48,71.49,True,True,True,80.09,59.77,43.39,100.0
48439113633,Census Tract 1136.33,1690,240,77.27,50.0,66.67,60,55,0.52,0.92,156307.0,1.89,4.68,13.54,0.0,87.34,393200.0,0.0,0.0,0.0,0.0,17.79,False,False,False,23.0,72.6,10.87,24.42
48439111203,Census Tract 1112.03,2385,655,97.4,77.1,100.0,310,200,0.61,0.59,88668.0,6.02,9.29,30.44,6.47,84.86,200200.0,25.0,0.0,25.0,242.51,35.68,False,True,True,65.22,47.76,76.81,48.97
48439111025,Census Tract 1110.25,1230,425,100.0,71.76,100.0,60,245,0.2,0.14,86364.0,9.29,25.46,27.12,11.4,100.0,156100.0,,,,,,False,False,False,65.53,11.15,,0.0
48439111031,Census Tract 1110.31,585,35,100.0,71.43,,0,25,0.0,0.71,113997.0,11.65,4.27,8.75,3.8,86.14,253900.0,,,,,,False,False,False,51.81,44.82,,0.0
48439113924,Census Tract 1139.24,1685,420,93.75,52.38,100.0,119,110,0.52,0.27,87765.0,10.6,5.07,18.23,7.62,81.9,179100.0,14.0,1.0,15.0,100.52,29.58,False,True,True,63.4,29.43,57.43,40.6
48439113958,Census Tract 1139.58,735,85,100.0,100.0,100.0,0,85,0.0,1.0,222431.0,3.62,1.72,32.56,0.0,100.0,934500.0,,,,,,False,False,False,51.7,65.03,,0.0
48439105203,Census Tract 1052.03,1215,630,93.23,71.11,95.56,315,128,0.71,0.76,52077.0,17.23,1.11,45.14,5.08,63.1,175200.0,13.0,0.0,13.0,91.88,34.01,False,True,True,68.82,62.96,54.17,46.68
48439110204,Census Tract 1102.04,2395,1395,48.28,37.92,51.08,260,269,0.49,0.4,52011.0,20.89,1.96,26.61,2.48,78.09,115300.0,20.0,24.0,44.0,514.58,44.23,False,True,True,49.21,44.36,80.62,60.71
48439110302,Census Tract 1103.02,1660,1105,61.65,41.18,88.46,310,145,0.68,0.66,41774.0,22.48,7.61,35.5,11.74,71.11,106200.0,17.0,8.0,25.0,196.63,71.85,True,True,True,63.41,44.04,69.93,100.0
48439113816,Census Tract 1138.16,1745,124,48.98,51.61,100.0,0,64,0.0,0.89,168203.0,0.25,2.81,8.99,3.64,97.96,410200.0,0.0,0.0,0.0,0.0,8.18,False,False,False,25.34,51.64,10.87,11.23
48439114207,Census Tract 1142.07,2095,420,63.2,55.71,52.94,75,159,0.32,0.36,99333.0,1.66,0.6,15.99,5.59,96.58,204600.0,21.0,0.0,21.0,147.97,22.39,False,True,True,17.58,30.9,69.93,30.73
48439110809,Census Tract 1108.09,855,170,70.67,45.29,78.0,19,62,0.23,0.52,103750.0,3.67,5.77,15.54,8.45,100.0,243900.0,3.0,1.0,4.0,21.44,12.89,False,True,True,24.85,28.32,33.51,17.69
48439111202,Census Tract 1112.02,2125,1275,75.15,52.94,93.94,255,415,0.38,0.38,48007.0,23.91,11.87,35.32,9.76,74.87,104900.0,44.0,19.0,63.0,537.56,56.34,True,True,True,73.33,23.07,93.03,100.0
48439111102,Census Tract 1111.02,1840,1165,88.54,70.39,96.34,320,500,0.39,0.37,41846.0,21.36,14.96,52.99,7.07,96.97,112800.0,22.0,25.0,47.0,688.32,54.14,True,True,True,80.21,28.46,83.06,100.0
48439111546,Census Tract 1115.46,2270,465,93.94,74.19,100.0,110,235,0.32,0.33,100654.0,0.75,6.28,21.47,3.32,100.0,218500.0,22.0,2.0,24.0,215.77,14.99,False,True,True,52.07,35.09,73.55,20.57
48439121609,Census Tract 1216.09,1995,465,92.31,79.57,100.0,130,250,0.34,0.67,121202.0,1.71,5.3,28.12,5.41,91.65,282100.0,0.0,0.0,0.0,0.0,4.72,False,False,False,52.54,45.18,10.87,6.48
48439111411,Census Tract 1114.11,1910,535,57.69,57.94,27.27,230,85,0.73,0.53,100801.0,0.68,3.27,24.86,6.87,82.99,267100.0,,,,,,False,False,False,15.27,48.92,,0.0
48439113210,Census Tract 1132.10,3090,915,82.8,65.57,100.0,245,355,0.41,0.52,108586.0,4.55,4.12,25.07,3.86,92.13,269300.0,2.0,0.0,2.0,7.96,16.16,False,True,True,61.73,44.04,28.8,22.18
48439113912,Census Tract 1139.12,2095,190,100.0,94.74,100.0,45,130,0.26,0.95,174091.0,0.97,4.36,18.75,3.28,87.59,434100.0,0.0,0.0,0.0,0.0,6.68,False,False,False,49.77,59.43,10.87,9.17
48439111104,Census Tract 1111.04,900,605,43.82,41.32,69.23,85,170,0.33,0.3,43883.0,15.48,3.24,30.11,10.63,93.35,117700.0,11.0,16.0,27.0,409.86,46.23,False,True,True,37.19,18.01,64.49,63.45
48439110401,Census Tract 1104.01,1705,570,67.5,28.07,85.71,44,105,0.3,0.23,74792.0,8.91,5.41,12.62,6.78,95.79,148300.0,7.0,15.0,22.0,314.59,51.18,True,True,True,43.41,22.97,56.52,100.0
48439100601,Census Tract 1006.01,1140,450,52.27,44.44,62.96,134,63,0.68,0.55,67143.0,15.21,0.79,21.62,15.26,66.57,239800.0,0.0,2.0,2.0,23.38,41.94,False,True,False,32.5,35.37,18.75,57.56
48439100602,Census Tract 1006.02,1045,745,61.25,40.0,70.86,245,52,0.82,0.67,41036.0,8.7,2.24,35.5,11.06,56.09,129300.0,6.0,0.0,6.0,37.3,45.41,False,True,True,38.91,52.24,41.58,62.33
48439122200,Census Tract 1222,810,650,65.91,51.54,80.0,285,49,0.85,0.72,29654.0,28.5,0.69,42.96,12.62,36.03,80700.0,24.0,0.0,24.0,1399.08,72.36,True,True,True,52.4,53.59,74.73,100.0
48439122300,Census Tract 1223,1240,980,80.49,68.88,77.06,635,40,0.94,0.98,21452.0,54.36,11.32,57.81,8.34,7.68,235900.0,3.0,2.0,5.0,60.34,80.74,True,True,True,66.8,72.8,34.78,100.0
48439122600,Census Tract 1226,1490,615,86.67,58.37,83.33,294,64,0.82,0.7,69423.0,6.97,11.53,30.6,5.87,71.32,209900.0,12.0,2.0,14.0,107.64,39.03,False,True,True,50.22,64.42,53.62,53.57
48439110906,Census Tract 1109.06,1785,830,68.89,53.61,68.75,255,194,0.57,0.42,70285.0,7.08,3.77,26.6,6.59,84.15,162300.0,14.0,5.0,19.0,139.35,24.05,False,True,True,41.36,37.29,60.33,33.01
48439111567,Census Tract 1115.67,2000,705,50.0,68.79,50.0,45,440,0.09,0.36,88855.0,7.83,8.12,27.33,0.0,98.55,220400.0,,,,,,False,False,False,29.52,38.9,,0.0
48439105520,Census Tract 1055.20,860,190,100.0,97.37,100.0,20,165,0.11,0.89,172031.0,7.26,0.0,28.52,11.9,98.87,599800.0,,,,,,False,False,False,58.18,35.88,,0.0
48439105519,Census Tract 1055.19,2245,545,86.27,74.31,80.0,360,50,0.88,0.9,64207.0,4.36,1.92,42.05,6.61,26.87,402300.0,,,,,,False,False,False,42.98,70.84,,0.0
48439111525,Census Tract 1115.25,1975,1025,65.91,52.2,57.14,370,175,0.68,0.61,62292.0,11.85,4.1,28.74,6.22,73.37,122100.0,42.0,10.0,53.0,511.6,53.42,True,True,True,46.09,52.12,90.76,100.0
48439111569,Census Tract 1115.69,1465,935,82.79,74.87,90.91,450,250,0.64,0.61,41689.0,15.75,2.72,53.0,7.68,47.98,136100.0,,,,,,False,False,False,67.59,47.77,,0.0
48439111506,Census Tract 1115.06,2705,1395,85.71,64.87,91.4,765,144,0.84,0.84,53860.0,8.73,7.21,37.18,5.58,51.99,234100.0,5.0,2.0,7.0,72.68,39.57,False,True,True,68.47,70.42,40.94,54.31
48439105201,Census Tract 1052.01,2175,1605,80.0,73.83,82.96,1080,110,0.91,0.92,29632.0,40.62,9.31,59.33,22.78,23.0,135500.0,5.0,0.0,12.0,101.45,65.75,True,True,True,73.35,57.12,45.38,100.0
48439111030,Census Tract 1110.30,1480,395,73.17,60.76,68.18,110,130,0.46,0.3,83500.0,5.32,4.02,17.7,1.99,92.98,190500.0,,,,,,False,False,False,28.92,41.0,,0.0
48439110703,Census Tract 1107.03,2020,1060,81.19,48.58,90.32,364,150,0.71,0.59,54481.0,6.75,5.42,27.25,6.56,67.7,143300.0,12.0,12.0,24.0,247.73,50.31,False,True,True,59.89,52.16,62.68,69.05
48439123001,Census Tract 1230.01,1825,990,84.62,67.17,83.93,590,75,0.89,0.97,54042.0,19.71,1.74,55.78,11.67,25.17,330600.0,,,,,,False,False,False,67.95,65.22,,0.0
48439110706,Census Tract 1107.06,1270,855,53.49,46.78,84.93,375,19,0.95,0.51,45522.0,24.17,5.98,34.2,18.51,66.11,134900.0,,,,,,False,False,False,55.74,42.2,,0.0
48439110705,Census Tract 1107.05,1285,560,45.83,47.32,33.33,150,125,0.55,0.31,68006.0,6.42,6.55,21.01,6.34,81.2,101900.0,,,,,,False,False,False,22.17,34.0,,0.0
48439111032,Census Tract 1110.32,1970,360,94.44,91.67,100.0,0,330,0.0,0.04,116057.0,2.63,1.42,25.29,2.33,98.56,237900.0,,,,,,False,False,False,52.6,27.99,,0.0
48439114108,Census Tract 1141.08,1920,405,93.55,66.67,84.62,100,170,0.37,0.82,114375.0,3.1,1.96,21.13,12.16,72.29,306300.0,,,,,,False,False,False,44.11,37.33,,0.0
48439104202,Census Tract 1042.02,1295,555,82.0,60.36,75.68,250,84,0.75,0.94,73036.0,18.73,2.72,35.89,13.86,84.41,379100.0,1.0,0.0,1.0,3.0,41.84,False,True,True,52.37,56.36,24.46,57.43
48439111316,Census Tract 1113.16,1795,470,100.0,89.36,100.0,40,375,0.1,0.2,94326.0,8.49,7.89,37.21,0.0,96.82,235200.0,,,,,,False,False,False,65.87,35.47,,0.0
48439111021,Census Tract 1110.21,1375,495,100.0,62.63,100.0,250,60,0.81,0.68,82066.0,3.06,5.9,27.81,8.57,86.06,219200.0,,,,,,False,False,False,59.49,56.25,,0.0
48439111027,Census Tract 1110.27,1425,550,65.85,66.36,71.43,105,265,0.28,0.43,72536.0,4.45,10.99,33.96,2.13,83.79,196000.0,,,,,,False,False,False,30.58,39.25,,0.0
48439113120,Census Tract 1131.20,985,85,100.0,100.0,100.0,0,85,0.0,0.88,193868.0,1.7,2.2,11.05,3.99,79.84,366500.0,,,,,,False,False,False,48.8,50.31,,0.0
48439113119,Census Tract 1131.19,1845,815,90.14,70.55,100.0,490,80,0.86,1.0,52595.0,2.77,6.76,42.88,15.04,20.15,474500.0,,,,,,False,False,False,62.34,63.48,,0.0
48439113122,Census Tract 1131.22,1620,380,95.71,83.95,90.0,319,0,1.0,1.0,77157.0,2.0,1.67,25.34,8.64,0.0,,,,,,,False,False,False,46.42,76.38,,0.0
48439113121,Census Tract 1131.21,470,225,53.33,44.44,22.22,100,0,1.0,1.0,51731.0,11.51,6.0,21.7,42.33,0.0,,,,,,,False,False,False,20.52,64.43,,0.0
48439113935,Census Tract 1139.35,1115,75,100.0,100.0,,30,44,0.41,0.95,99226.0,0.0,10.05,10.68,9.87,81.88,233800.0,,,,,,False,False,False,32.51,48.28,,0.0
48439114107,Census Tract 1141.07,1590,325,100.0,73.85,100.0,130,110,0.54,0.72,106346.0,0.75,5.67,27.45,13.76,66.63,266000.0,,,,,,False,False,False,51.78,38.83,,0.0
48439104204,Census Tract 1042.04,980,230,95.24,71.74,86.67,75,90,0.45,0.85,125250.0,7.82,0.0,31.98,13.1,79.56,582300.0,,,,,,False,False,False,48.72,40.47,,0.0
48439100401,Census Tract 1004.01,525,330,71.43,46.67,81.08,100,54,0.65,0.64,44353.0,32.7,15.04,32.82,5.59,76.22,131800.0,,,,,,False,False,False,47.66,54.65,,0.0
48439113409,Census Tract 1134.09,920,255,62.16,58.82,81.25,85,65,0.57,0.43,84464.0,7.32,2.31,17.5,2.85,87.54,198100.0,,,,,,False,False,False,29.67,47.53,,0.0
48439105204,Census Tract 1052.04,1720,1420,87.25,69.72,90.53,990,0,1.0,0.98,33343.0,42.05,13.33,57.73,19.17,3.29,130000.0,0.0,0.0,0.0,0.0,64.65,True,False,False,82.15,64.01,10.87,100.0
48439105404,Census Tract 1054.04,1565,365,93.18,68.49,97.06,0,250,0.0,0.81,143750.0,9.55,4.16,23.75,3.75,86.05,459900.0,0.0,0.0,0.0,0.0,12.01,False,False,False,57.12,47.99,10.87,16.48
48439105405,Census Tract 1054.05,2030,1055,90.74,60.66,84.62,515,125,0.8,0.95,53817.0,7.37,3.02,35.75,25.19,17.79,708700.0,0.0,0.0,0.0,0.0,48.2,False,False,False,63.51,54.88,10.87,66.16
48439105502,Census Tract 1055.02,2385,1090,72.48,50.46,82.19,435,110,0.8,0.6,67422.0,8.03,1.31,23.77,10.41,66.64,163500.0,14.0,0.0,14.0,113.58,39.5,False,True,True,53.03,47.98,56.43,54.22
48439111514,Census Tract 1115.14,1835,620,93.62,63.71,100.0,224,170,0.57,0.47,71544.0,7.56,2.77,23.02,3.58,92.48,158300.0,63.0,11.0,74.0,957.86,27.02,False,True,True,64.68,47.32,97.19,37.09
48439113611,Census Tract 1136.11,1580,375,75.0,65.33,47.06,75,175,0.3,0.52,104597.0,4.2,0.7,24.67,6.23,99.05,287800.0,0.0,3.0,3.0,60.89,13.73,False,True,False,23.95,34.49,20.38,18.85
48439105503,Census Tract 1055.03,2190,1080,81.1,57.87,89.47,445,179,0.71,0.56,57311.0,8.52,3.59,30.61,11.36,66.52,180600.0,10.0,0.0,11.0,151.81,33.89,False,True,True,62.02,40.98,49.28,46.52
48439105511,Census Tract 1055.11,2325,1100,88.19,59.55,96.97,480,180,0.73,0.55,57309.0,21.83,8.17,35.56,9.08,72.88,151000.0,51.0,3.0,65.0,498.26,52.07,True,True,True,79.86,44.92,94.66,100.0
48439105512,Census Tract 1055.12,1690,605,86.44,65.29,81.48,150,230,0.39,0.51,87925.0,8.19,5.03,25.81,3.38,84.9,205300.0,9.0,0.0,9.0,74.77,32.5,False,True,True,50.11,44.18,46.65,44.61
48439105701,Census Tract 1057.01,1425,460,95.74,63.04,100.0,145,150,0.49,0.36,79470.0,7.98,5.14,20.73,5.07,86.86,150200.0,15.0,0.0,15.0,135.29,48.31,False,True,True,62.49,37.04,58.61,66.31
48439105703,Census Tract 1057.03,1375,695,79.45,74.1,78.57,460,60,0.88,0.72,60394.0,9.84,19.92,39.18,7.29,54.56,152200.0,19.0,0.0,19.0,151.51,55.37,True,True,True,49.32,63.58,64.86,100.0
48439114015,Census Tract 1140.15,1125,299,52.7,29.77,50.0,55,34,0.62,0.62,81471.0,6.79,0.05,14.5,0.0,77.05,162500.0,,,,,,False,False,False,18.8,64.81,,0.0
48439111405,Census Tract 1114.05,875,485,73.53,53.2,92.31,175,88,0.67,0.6,52782.0,17.39,3.2,30.93,17.25,50.62,118000.0,0.0,2.0,2.0,40.3,47.56,False,True,False,53.68,36.68,18.75,65.28
48439105009,Census Tract 1050.09,1740,1140,59.6,42.54,68.13,365,130,0.74,0.57,46436.0,26.37,10.03,30.44,5.95,85.82,88400.0,,,,,,False,False,False,55.81,53.83,,0.0
48439113623,Census Tract 1136.23,1275,170,100.0,73.53,100.0,39,83,0.32,0.63,105972.0,2.23,2.55,17.91,6.12,94.69,265800.0,0.0,0.0,0.0,0.0,18.64,False,False,False,51.14,40.71,10.87,25.58
48439105403,Census Tract 1054.03,2720,730,70.33,78.08,66.67,375,200,0.65,0.9,86283.0,5.82,2.77,30.61,6.37,44.32,565900.0,0.0,0.0,0.0,0.0,30.17,False,False,False,36.82,62.71,10.87,41.41
48439113639,Census Tract 1136.39,2450,405,71.43,75.31,65.22,65,240,0.21,0.85,149013.0,2.69,3.64,26.88,0.0,94.32,470700.0,,,,,,False,False,False,24.2,60.75,,0.0
48439113812,Census Tract 1138.12,1850,260,57.14,43.85,80.0,54,65,0.45,0.5,137545.0,2.74,1.18,14.5,2.48,88.44,328700.0,0.0,0.0,0.0,0.0,11.7,False,False,False,21.57,47.35,10.87,16.06
48439113954,Census Tract 1139.54,1345,195,38.1,30.77,85.71,0,60,0.0,0.26,171489.0,1.93,3.7,23.39,2.11,96.29,665900.0,,,,,,False,False,False,19.58,30.01,,0.0
48439106520,Census Tract 1065.20,1665,1400,79.29,54.29,77.78,760,0,1.0,1.0,34247.0,15.58,9.29,46.43,19.84,0.67,64300.0,,,,,,False,False,False,63.75,65.32,,0.0
48439101201,Census Tract 1012.01,685,305,56.0,24.26,64.71,15,59,0.2,0.56,66363.0,14.13,6.48,13.91,19.46,84.2,226300.0,8.0,0.0,23.0,218.56,45.64,False,True,True,29.74,18.04,58.15,62.64
48439113625,Census Tract 1136.25,1170,115,83.33,60.87,100.0,25,50,0.33,0.57,118255.0,0.18,1.9,17.29,5.35,94.41,313900.0,0.0,0.0,0.0,0.0,15.01,False,False,False,37.62,39.96,10.87,20.6
48439113626,Census Tract 1136.26,1440,310,65.63,61.29,100.0,40,150,0.21,0.5,92727.0,3.48,3.26,21.0,3.55,97.72,258500.0,0.0,0.0,0.0,0.0,12.67,False,False,False,38.0,38.56,10.87,17.39
48439114110,Census Tract 1141.10,2190,245,100.0,44.9,100.0,0,110,0.0,0.45,124444.0,2.17,4.64,12.73,7.47,98.82,317900.0,,,,,,False,False,False,52.5,23.2,,0.0
48439104302,Census Tract 1043.02,1485,460,82.09,76.09,76.09,150,200,0.43,0.67,81786.0,6.25,4.59,31.63,19.33,57.93,476600.0,,,,,,False,False,False,39.15,29.52,,0.0
48439106522,Census Tract 1065.22,1530,965,90.58,80.31,97.65,620,160,0.79,0.7,35337.0,31.62,2.15,54.08,8.54,49.34,143900.0,,,,,,False,False,False,81.04,56.47,,0.0
48439113937,Census Tract 1139.37,0,0,,,,0,0,,,,0.0,0.0,0.0,0.0,0.0,,,,,,,False,False,False,0.56,95.43,,0.0
48439105518,Census Tract 1055.18,1625,595,87.23,59.66,100.0,260,95,0.73,0.76,63237.0,4.89,4.52,33.25,0.0,51.57,237800.0,,,,,,False,False,False,57.15,75.29,,0.0
48439105515,Census Tract 1055.15,2415,940,90.24,85.64,98.86,665,145,0.82,0.82,67956.0,15.93,3.56,36.57,4.32,53.64,173800.0,,,,,,False,False,False,75.45,71.56,,0.0
48439105705,Census Tract 1057.05,1855,1030,59.85,52.43,48.21,435,110,0.8,0.66,53135.0,14.53,5.86,30.84,7.62,44.72,133000.0,,,,,,False,False,False,44.64,56.31,,0.0
48439113630,Census Tract 1136.30,1505,725,76.25,54.48,68.09,330,63,0.84,0.87,57101.0,14.5,4.96,33.8,1.31,37.95,232100.0,0.0,0.0,0.0,0.0,27.61,False,False,False,48.88,81.08,10.87,37.9
48439100800,Census Tract 1008,1670,1045,42.86,28.23,52.83,145,145,0.5,0.47,48239.0,26.46,10.55,18.49,6.07,89.99,87100.0,27.0,1.0,28.0,334.08,67.79,True,True,True,47.82,38.59,79.35,100.0
48439113810,Census Tract 1138.10,1490,585,87.23,53.85,90.91,84,240,0.26,0.2,68737.0,11.53,5.63,24.58,2.3,100.0,140400.0,16.0,19.0,36.0,457.92,45.35,False,True,True,59.25,32.69,73.91,62.25
48439102102,Census Tract 1021.02,1480,650,67.9,52.31,56.14,315,25,0.93,0.91,67161.0,9.59,0.0,24.71,13.04,41.1,243500.0,,,,,,False,False,False,36.17,61.91,,0.0
48439113942,Census Tract 1139.42,1945,305,100.0,93.44,100.0,115,175,0.4,0.49,92593.0,1.72,5.07,20.34,9.1,98.79,237500.0,,,,,,False,False,False,53.06,29.37,,0.0
48439113939,Census Tract 1139.39,1215,185,100.0,100.0,100.0,110,75,0.59,0.84,109821.0,12.87,5.16,31.09,0.0,88.32,290100.0,,,,,,False,False,False,64.14,71.67,,0.0
48439100700,Census Tract 1007,1910,985,74.38,50.25,90.67,350,150,0.7,0.66,52708.0,14.44,6.66,25.99,6.64,41.41,85700.0,17.0,1.0,24.0,244.51,68.17,True,True,True,62.63,54.81,68.3,100.0
48439113212,Census Tract 1132.12,1740,515,94.59,82.52,94.29,230,195,0.54,0.82,91846.0,6.86,6.06,26.82,5.07,78.52,265500.0,4.0,1.0,5.0,36.09,17.12,False,True,True,57.88,57.48,36.59,23.5
48439100505,Census Tract 1005.05,1815,1260,76.06,58.73,77.08,720,20,0.97,0.86,43594.0,21.06,8.79,48.87,7.91,33.33,144800.0,,,,,,False,False,False,64.1,68.84,,0.0
48439114003,Census Tract 1140.03,2675,935,80.23,56.15,91.49,335,195,0.63,0.47,85285.0,3.27,5.05,28.86,2.69,91.71,180000.0,12.0,8.0,20.0,257.17,24.04,False,True,True,53.65,52.38,58.61,33.0
48439113222,Census Tract 1132.22,1590,1055,86.49,54.5,0.0,575,0,1.0,1.0,44623.0,1.0,2.05,39.82,1.06,4.66,326900.0,,,,,,False,False,False,39.86,93.61,,0.0
48439110103,Census Tract 1101.03,1650,985,88.24,62.94,94.12,525,90,0.85,0.76,48142.0,9.23,7.5,39.2,3.96,46.85,123200.0,,,,,,False,False,False,68.19,71.86,,0.0
48439113637,Census Tract 1136.37,2300,1100,89.19,72.73,93.33,585,210,0.74,0.9,51267.0,3.37,1.82,37.84,4.8,21.66,265400.0,,,,,,False,False,False,62.95,70.0,,0.0
48439113635,Census Tract 1136.35,1510,610,65.15,48.36,87.5,205,85,0.71,0.8,69340.0,15.33,6.84,22.85,3.45,49.62,279200.0,,,,,,False,False,False,49.56,68.42,,0.0
48439113951,Census Tract 1139.51,1635,600,47.37,70.0,35.71,255,160,0.61,0.78,83634.0,7.84,6.85,29.45,3.09,59.29,210100.0,,,,,,False,False,False,24.68,64.84,,0.0
48439111553,Census Tract 1115.53,1745,885,72.9,62.71,75.81,500,49,0.91,0.86,51120.0,19.69,2.67,34.37,13.84,23.83,193000.0,3.0,1.0,4.0,46.92,40.64,False,True,True,56.05,58.52,33.51,55.78
48439106509,Census Tract 1065.09,2180,640,75.0,56.25,96.3,250,105,0.7,0.84,89311.0,2.81,3.3,26.57,9.17,45.73,274900.0,0.0,0.0,0.0,0.0,35.63,False,False,False,44.78,55.73,10.87,48.9
48439113916,Census Tract 1139.16,1700,710,84.21,78.87,84.85,405,159,0.72,0.7,64349.0,6.7,7.01,36.68,7.25,67.67,159500.0,19.0,0.0,19.0,129.37,40.65,False,True,True,51.86,55.86,64.86,55.79
48439110206,Census Tract 1102.06,800,525,79.63,66.67,76.09,70,280,0.2,0.16,51378.0,33.13,7.39,51.13,8.99,52.45,128500.0,,,,,,False,False,False,54.43,15.91,,0.0
48439100201,Census Tract 1002.01,1325,1040,72.46,56.25,87.3,455,125,0.78,0.67,37446.0,28.01,1.84,48.45,5.89,75.92,81900.0,40.0,0.0,40.0,2888.3,71.32,True,True,True,66.74,60.99,87.86,100.0
48439105206,Census Tract 1052.06,1190,905,81.82,46.41,92.06,395,25,0.94,0.92,38341.0,18.82,1.3,37.43,12.25,12.4,133900.0,,,,,,False,False,False,68.89,64.25,,0.0
48439111563,Census Tract 1115.63,1255,105,63.64,33.33,,20,15,0.57,0.52,104663.0,0.51,5.81,16.4,0.55,97.7,240100.0,,,,,,False,False,False,9.35,56.2,,0.0
48439111029,Census Tract 1110.29,2030,680,97.3,88.97,96.08,165,440,0.27,0.44,89121.0,1.97,1.36,39.38,6.63,95.49,232900.0,,,,,,False,False,False,56.61,28.67,,0.0
48439106006,Census Tract 1060.06,1745,1090,87.85,62.84,96.55,435,255,0.63,0.56,50389.0,12.37,4.36,40.34,6.23,63.51,128800.0,,,,,,False,False,False,73.53,47.98,,0.0
48439105706,Census Tract 1057.06,1130,615,96.77,56.91,100.0,145,200,0.42,0.27,56557.0,11.22,14.81,31.15,6.77,90.35,129400.0,,,,,,False,False,False,70.42,27.52,,0.0
48439113956,Census Tract 1139.56,1585,145,72.0,62.07,0.0,65,25,0.72,1.0,228958.0,1.08,0.8,13.61,3.76,93.15,774100.0,,,,,,False,False,False,11.68,77.34,,0.0
48439113707,Census Tract 1137.07,1900,245,86.67,61.22,76.47,40,110,0.27,0.88,160082.0,5.21,3.38,15.79,0.0,98.47,377600.0,0.0,0.0,0.0,0.0,7.84,False,False,False,35.89,63.06,10.87,10.76
48439113716,Census Tract 1137.16,1645,410,28.57,64.63,46.15,205,60,0.77,0.84,90803.0,6.32,2.18,18.03,8.65,34.66,234000.0,,,,,,False,False,False,17.86,59.75,,0.0
48439111564,Census Tract 1115.64,1365,230,100.0,60.87,,85,55,0.61,0.61,95347.0,0.42,8.52,23.94,0.0,77.53,262900.0,,,,,,False,False,False,36.7,63.77,,0.0
48439105008,Census Tract 1050.08,3340,1400,75.0,63.57,69.23,710,185,0.79,0.69,75837.0,7.28,3.79,31.16,2.42,59.87,176300.0,13.0,0.0,13.0,97.03,33.75,False,True,True,51.2,69.68,54.17,46.32
48439111565,Census Tract 1115.65,1750,200,100.0,60.0,,75,50,0.6,0.75,121992.0,3.04,5.58,19.79,2.02,81.78,341200.0,,,,,,False,False,False,41.38,64.49,,0.0
48439111028,Census Tract 1110.28,2030,755,94.17,81.46,90.48,435,185,0.7,0.64,75302.0,12.18,11.21,33.42,9.0,76.8,162400.0,,,,,,False,False,False,67.94,48.79,,0.0
48439113634,Census Tract 1136.34,1840,79,100.0,74.68,100.0,0,59,0.0,0.58,188053.0,1.31,3.17,16.35,4.76,97.47,583100.0,0.0,0.0,0.0,0.0,10.66,False,False,False,48.27,35.85,10.87,14.63
48439113712,Census Tract 1137.12,2135,955,74.74,67.02,90.91,445,195,0.7,0.74,71034.0,9.67,3.74,36.56,11.66,51.28,271200.0,,,,,,False,False,False,58.69,48.22,,0.0
48439113709,Census Tract 1137.09,1890,250,87.1,78.0,85.0,95,105,0.48,0.93,138286.0,1.93,4.31,22.38,5.07,89.9,364600.0,0.0,0.0,0.0,0.0,13.5,False,False,False,36.32,60.61,10.87,18.53
48439110807,Census Tract 1108.07,2480,750,80.68,71.33,87.8,240,300,0.44,0.43,81580.0,12.56,5.96,26.38,4.76,89.09,173800.0,14.0,1.0,15.0,141.66,29.21,False,True,True,58.73,38.09,57.43,40.09
48439111204,Census Tract 1112.04,1645,555,77.08,59.46,83.33,75,255,0.23,0.36,75066.0,11.07,2.39,25.12,13.2,80.83,209400.0,1.0,0.0,1.0,2.79,28.69,False,True,True,47.99,13.77,24.46,39.38
48439980000,Census Tract 9800,0,0,,,,0,0,,,,0.0,0.0,0.0,0.0,0.0,,0.0,0.0,0.0,0.0,0.0,False,False,False,0.56,95.43,10.87,0.0
48439110600,Census Tract 1106,1155,545,63.18,59.45,72.31,264,58,0.82,0.68,58095.0,17.32,3.13,38.91,7.46,61.91,186900.0,10.0,3.0,18.0,131.88,51.61,True,True,True,41.75,59.11,54.98,100.0
48439110500,Census Tract 1105,2630,1170,61.76,41.03,64.71,240,235,0.51,0.32,58696.0,8.18,2.61,20.87,8.23,92.15,117800.0,45.0,16.0,61.0,440.31,51.03,True,True,True,44.14,28.65,92.84,100.0
48439100506,Census Tract 1005.06,1540,925,36.7,26.49,50.0,145,99,0.59,0.64,55684.0,16.89,2.51,20.16,2.97,73.63,95800.0,,,,,,False,False,False,40.87,58.68,,0.0
48439113711,Census Tract 1137.11,1755,400,79.31,66.25,77.78,195,64,0.75,0.79,90893.0,4.44,4.46,23.7,3.68,64.93,316500.0,0.0,0.0,0.0,0.0,18.98,False,False,False,34.13,69.51,10.87,26.05
48439113713,Census Tract 1137.13,445,280,60.0,25.0,,70,0,1.0,0.41,62540.0,1.82,0.0,20.32,0.0,20.99,,,,,,,False,False,False,14.84,69.81,,0.0
48439114206,Census Tract 1142.06,1660,695,41.58,38.13,73.33,75,180,0.29,0.65,74511.0,7.63,7.78,18.24,6.89,73.32,291200.0,0.0,1.0,1.0,19.08,41.75,False,True,False,33.24,38.52,16.85,57.3
48439110402,Census Tract 1104.02,1510,865,83.84,54.34,92.5,260,210,0.55,0.53,55465.0,18.16,5.94,33.16,5.62,87.88,92900.0,16.0,34.0,61.0,1318.89,69.21,True,True,True,68.96,44.84,79.08,100.0
48439113814,Census Tract 1138.14,1535,160,66.67,53.13,50.0,0,85,0.0,0.69,153828.0,1.94,1.94,25.26,3.21,98.8,437300.0,0.0,0.0,0.0,0.0,9.57,False,False,False,13.5,45.45,10.87,13.14
48439106526,Census Tract 1065.26,2300,625,98.21,82.4,100.0,70,445,0.14,0.48,95444.0,5.95,5.59,30.6,5.93,97.51,226100.0,,,,,,False,False,False,64.52,30.79,,0.0
48439111103,Census Tract 1111.03,1055,625,75.0,61.6,100.0,155,235,0.4,0.38,52958.0,18.49,6.18,42.18,6.72,98.67,96500.0,19.0,49.0,68.0,726.68,72.79,True,True,True,63.3,30.06,83.15,100.0
48439106400,Census Tract 1064,1165,755,50.53,52.32,37.5,295,95,0.76,0.59,39779.0,9.03,5.14,34.36,10.25,46.65,57700.0,41.0,1.0,42.0,521.97,63.27,True,True,True,31.57,46.57,88.68,100.0
48439111402,Census Tract 1114.02,2220,625,71.43,48.0,69.57,190,110,0.63,0.6,80696.0,6.81,2.13,22.21,1.68,99.42,234500.0,35.0,0.0,35.0,215.0,21.76,False,True,True,36.78,60.46,85.14,29.87
48439111531,Census Tract 1115.31,1570,485,78.43,67.01,81.08,119,205,0.37,0.47,78590.0,8.48,3.02,27.24,4.73,84.96,188800.0,22.0,3.0,25.0,213.69,26.73,False,True,True,42.89,37.49,75.18,36.69
48439111533,Census Tract 1115.33,1880,435,64.78,65.06,87.78,99,183,0.35,0.67,116350.0,4.04,1.48,17.46,0.48,87.55,230700.0,8.0,3.0,11.0,99.71,20.32,False,True,True,33.56,56.02,47.74,27.89
48439110903,Census Tract 1109.03,630,155,90.77,79.35,75.0,94,32,0.75,0.95,82763.0,2.3,2.54,26.51,8.83,53.98,353200.0,0.0,0.0,0.0,0.0,30.81,False,False,False,32.39,64.0,10.87,42.29
48439111560,Census Tract 1115.60,1780,785,77.11,53.5,100.0,255,165,0.61,0.34,71076.0,18.21,2.37,25.59,0.0,89.45,144900.0,,,,,,False,False,False,68.82,52.13,,0.0
48439111568,Census Tract 1115.68,2105,450,85.19,73.33,100.0,10,320,0.03,0.19,93167.0,0.65,1.59,26.64,3.17,97.1,198600.0,,,,,,False,False,False,46.17,28.37,,0.0
48439113213,Census Tract 1132.13,1275,605,77.55,60.33,100.0,120,240,0.33,0.25,57703.0,9.19,4.27,31.56,5.62,78.12,155800.0,1.0,6.0,7.0,123.5,35.56,False,True,True,57.32,27.92,32.88,48.81
48439113214,Census Tract 1132.14,2065,715,85.33,74.13,75.0,275,250,0.52,0.59,71653.0,14.8,2.88,28.31,4.22,81.1,188400.0,21.0,8.0,29.0,192.37,32.2,False,True,True,55.76,49.6,76.09,44.2
48439113216,Census Tract 1132.16,2275,715,83.96,78.32,100.0,395,165,0.71,0.66,61757.0,4.59,2.22,31.76,7.75,54.71,203200.0,2.0,1.0,11.0,43.59,36.33,False,True,True,58.14,52.81,38.86,49.86
48439113217,Census Tract 1132.17,1795,805,75.0,50.93,60.0,160,250,0.39,0.59,73518.0,5.02,6.18,27.97,6.56,65.85,187700.0,2.0,3.0,82.0,107.75,33.01,False,True,True,38.03,39.08,64.76,45.31
48439113803,Census Tract 1138.03,1820,510,65.96,61.76,71.43,215,105,0.67,0.54,78603.0,3.92,4.69,20.52,7.43,96.64,168700.0,19.0,6.0,25.0,320.23,21.47,False,True,True,28.88,45.76,71.65,29.47
48439111545,Census Tract 1115.45,845,165,90.0,69.09,94.44,74,38,0.66,0.93,108750.0,12.57,4.05,22.3,6.75,80.2,456300.0,0.0,0.0,0.0,0.0,17.63,False,False,False,53.89,63.43,10.87,24.2
48439113102,Census Tract 1131.02,2355,885,88.51,59.32,76.19,420,110,0.79,0.9,64375.0,3.16,4.25,23.79,7.58,32.98,243100.0,5.0,1.0,6.0,45.97,36.49,False,True,True,50.23,65.0,40.04,50.08
48439113107,Census Tract 1131.07,980,305,89.8,83.61,100.0,70,185,0.27,0.63,84297.0,5.98,1.33,27.22,4.48,76.63,225300.0,2.0,0.0,2.0,7.16,16.03,False,True,True,53.15,43.3,28.8,22.0
48439102402,Census Tract 1024.02,1765,355,83.72,70.42,85.71,135,115,0.54,0.79,120053.0,8.44,1.69,18.94,6.07,80.02,364200.0,5.0,0.0,5.0,27.0,32.48,False,True,True,44.83,53.76,38.59,44.58
48439113809,Census Tract 1138.09,1575,545,69.09,49.54,60.0,139,130,0.52,0.29,69057.0,9.72,2.12,21.6,0.57,98.23,142500.0,13.0,14.0,50.0,538.05,39.37,False,True,True,35.18,45.17,73.91,54.04
48439113619,Census Tract 1136.19,2085,1370,88.1,58.76,88.89,790,15,0.98,0.99,40794.0,12.42,5.32,43.41,11.98,15.61,290200.0,0.0,1.0,1.0,33.8,55.62,True,True,False,72.58,67.83,16.85,100.0
48439113955,Census Tract 1139.55,1125,75,100.0,100.0,100.0,15,60,0.2,1.0,182213.0,0.0,3.93,23.96,3.68,98.72,719100.0,,,,,,False,False,False,46.32,59.96,,0.0
48439113715,Census Tract 1137.15,3045,955,100.0,84.29,100.0,805,0,1.0,0.84,85606.0,1.98,5.22,37.45,7.78,4.09,,,,,,,False,False,False,68.98,69.85,,0.0
48439114113,Census Tract 1141.13,1390,260,100.0,67.31,100.0,79,90,0.47,0.33,78654.0,1.49,0.0,25.11,0.64,100.0,204200.0,,,,,,False,False,False,51.83,44.01,,0.0
48439113516,Census Tract 1135.16,1535,405,76.43,67.41,91.2,155,112,0.58,0.63,82813.0,11.1,8.41,23.42,1.73,76.6,230400.0,1.0,10.0,24.0,170.4,25.4,False,True,True,47.96,59.57,47.92,34.86
48439113607,Census Tract 1136.07,1865,865,69.66,61.85,91.43,445,95,0.82,0.81,61806.0,6.53,1.9,30.7,6.05,52.85,171200.0,3.0,3.0,6.0,66.01,46.99,False,True,True,51.4,67.11,36.23,64.5
48439114011,Census Tract 1140.11,2025,235,83.33,72.34,68.75,0,170,0.0,0.02,109347.0,3.85,0.85,15.89,0.0,95.41,202700.0,,,,,,False,False,False,29.36,33.0,,0.0
48439113938,Census Tract 1139.38,625,45,100.0,100.0,,45,0,1.0,1.0,113193.0,0.0,0.0,7.38,20.94,62.18,222300.0,,,,,,False,False,False,32.25,65.17,,0.0
48439114009,Census Tract 1140.09,1590,545,18.0,19.27,90.0,0,105,0.0,0.33,71420.0,3.61,4.07,18.31,0.0,96.54,175400.0,,,,,,False,False,False,31.65,36.29,,0.0
48439114106,Census Tract 1141.06,1960,480,89.71,88.54,100.0,185,239,0.44,0.45,97297.0,1.18,1.25,42.45,1.26,95.62,243100.0,,,,,,False,False,False,51.2,46.63,,0.0
48439106523,Census Tract 1065.23,1845,1075,94.06,62.79,100.0,675,0,1.0,1.0,46752.0,16.22,2.68,39.64,13.18,3.01,,,,,,,False,False,False,82.67,69.48,,0.0
48439113410,Census Tract 1134.10,1915,1210,93.02,61.57,93.55,620,124,0.83,0.88,48098.0,14.91,2.32,42.46,10.92,17.66,167000.0,,,,,,False,False,False,78.27,60.33,,0.0
48439105517,Census Tract 1055.17,1655,1085,98.18,74.19,96.61,660,145,0.82,0.91,42150.0,12.95,1.78,54.86,10.69,26.71,227600.0,,,,,,False,False,False,79.01,61.52,,0.0
48439104301,Census Tract 1043.01,1285,805,72.0,69.57,74.19,535,25,0.96,0.98,23629.0,55.21,6.59,44.55,12.89,26.93,327300.0,,,,,,False,False,False,58.42,66.19,,0.0
48439122402,Census Tract 1224.02,1350,690,86.25,65.22,82.98,450,0,1.0,0.88,55761.0,23.93,8.72,36.94,14.09,52.58,197700.0,,,,,,False,False,False,63.71,62.36,,0.0
48439113118,Census Tract 1131.18,1205,855,100.0,76.02,100.0,650,0,1.0,1.0,35893.0,25.8,22.16,60.8,20.21,0.0,,,,,,,False,False,False,86.05,65.25,,0.0
48439113117,Census Tract 1131.17,1140,825,86.59,63.64,84.48,525,0,1.0,0.98,35755.0,23.82,5.93,51.93,12.31,10.38,277500.0,,,,,,False,False,False,68.31,68.61,,0.0
48439111410,Census Tract 1114.10,1780,1000,100.0,62.5,100.0,535,90,0.86,0.98,46767.0,9.83,7.78,37.19,6.02,19.01,314600.0,,,,,,False,False,False,79.73,76.28,,0.0
48439113612,Census Tract 1136.12,1850,435,73.47,62.07,71.43,30,240,0.11,0.6,96429.0,4.82,6.06,21.81,1.65,79.29,319000.0,0.0,0.0,0.0,0.0,15.74,False,False,False,30.65,45.48,10.87,21.6
48439113613,Census Tract 1136.13,1655,565,76.47,30.97,73.91,20,155,0.11,0.51,90042.0,6.07,3.06,17.66,3.11,78.78,230500.0,0.0,1.0,1.0,21.12,20.16,False,True,False,37.63,39.04,16.85,27.67
48439122500,Census Tract 1225,1715,830,80.0,67.35,74.42,414,144,0.74,0.66,51196.0,19.68,5.25,39.29,8.0,53.11,165300.0,12.0,9.0,21.0,256.68,30.68,False,True,True,57.88,53.18,59.96,42.11
48439113003,Census Tract 1130.03,525,205,61.54,63.41,44.44,130,0,1.0,1.0,70682.0,2.43,0.0,30.61,10.85,35.42,249500.0,,,,,,False,False,False,12.98,72.3,,0.0
48439113104,Census Tract 1131.04,2200,1345,93.49,65.72,84.68,880,4,1.0,0.92,42451.0,14.0,1.81,42.86,15.38,8.81,262400.0,0.0,0.0,0.0,0.0,53.83,True,False,False,73.82,62.48,10.87,100.0
48439113953,Census Tract 1139.53,2820,350,54.84,55.43,36.36,20,174,0.1,0.9,243170.0,3.36,0.97,14.82,0.95,98.21,570000.0,,,,,,False,False,False,14.53,58.82,,0.0
48439114006,Census Tract 1140.06,2495,685,45.45,43.8,31.58,120,180,0.4,0.53,88173.0,8.14,2.9,15.58,3.96,88.77,142700.0,26.0,7.0,33.0,176.77,29.69,False,True,True,26.93,43.89,80.43,40.75
48439113407,Census Tract 1134.07,1695,1005,88.18,51.24,100.0,475,35,0.93,0.77,51231.0,17.6,3.52,33.0,15.61,48.98,152500.0,14.0,6.0,20.0,162.97,63.61,True,True,True,79.28,54.65,61.41,100.0
48439113510,Census Tract 1135.10,2665,1145,92.57,78.6,100.0,550,345,0.61,0.71,61023.0,12.3,7.93,41.91,2.88,54.01,258500.0,2.0,1.0,3.0,46.5,37.91,False,True,True,80.16,63.19,30.43,52.03
48439113521,Census Tract 1135.21,1660,800,85.45,76.25,46.67,610,0,1.0,1.0,55313.0,9.23,3.79,43.07,10.56,3.45,,,,,,,False,False,False,46.91,72.82,,0.0
48439106600,Census Tract 1066,1125,915,91.59,67.21,86.54,615,0,1.0,1.0,32990.0,20.6,5.91,57.69,7.86,1.97,,0.0,0.0,25.0,114.36,72.12,True,True,False,72.99,77.9,41.94,100.0
48439111556,Census Tract 1115.56,1740,990,80.61,60.61,100.0,455,145,0.76,0.69,54917.0,21.52,4.19,36.36,7.39,55.32,132700.0,,,,,,False,False,False,76.39,57.2,,0.0
48439102302,Census Tract 1023.02,1880,1175,61.49,47.66,67.86,375,180,0.68,0.43,44433.0,21.12,11.01,36.32,16.72,89.09,94000.0,33.0,0.0,33.0,185.74,67.26,True,True,True,54.64,29.44,82.97,100.0
48439110805,Census Tract 1108.05,2300,630,58.73,61.9,100.0,170,220,0.44,0.52,83375.0,8.65,6.65,19.96,4.56,76.35,159000.0,25.0,0.0,25.0,213.5,36.7,False,True,True,49.91,42.97,76.81,50.37
48439104400,Census Tract 1044,2070,1035,75.93,62.8,96.49,445,205,0.68,0.74,61216.0,24.23,1.39,37.96,9.62,81.16,260100.0,25.0,9.0,38.0,438.76,62.17,True,True,True,72.02,50.89,82.34,100.0
48439104804,Census Tract 1048.04,810,525,64.52,41.9,80.77,170,53,0.76,0.56,49968.0,20.16,6.45,29.17,17.87,82.13,98700.0,10.0,0.0,10.0,54.36,76.46,True,True,True,46.14,38.1,48.19,100.0
48439105007,Census Tract 1050.07,2765,1015,89.47,84.73,82.61,635,219,0.74,0.94,59137.0,12.03,2.71,40.49,10.11,27.85,315200.0,0.0,0.0,0.0,0.0,27.24,False,False,False,66.25,60.96,10.87,37.39
48439111022,Census Tract 1110.22,1720,465,91.07,67.74,100.0,100,220,0.31,0.3,85313.0,7.65,5.57,19.6,0.0,95.11,162300.0,,,,,,False,False,False,60.05,40.87,,0.0
48439111026,Census Tract 1110.26,1670,700,86.54,55.0,,160,215,0.43,0.36,65869.0,10.2,7.07,27.08,0.0,97.48,161400.0,,,,,,False,False,False,59.12,45.53,,0.0
48439111312,Census Tract 1113.12,1195,145,100.0,72.41,100.0,0,105,0.0,0.94,150903.0,0.34,0.68,18.61,0.5,99.5,367200.0,0.0,0.0,0.0,0.0,11.79,False,False,False,47.66,60.42,10.87,16.18
48439106201,Census Tract 1062.01,1135,795,55.84,43.9,80.0,224,120,0.65,0.39,42826.0,21.33,5.76,32.04,9.27,94.89,59000.0,18.0,6.0,24.0,415.44,77.32,True,True,True,51.27,34.48,69.2,100.0
48439111530,Census Tract 1115.30,2205,415,83.72,61.45,65.22,140,110,0.56,0.66,98721.0,3.93,0.37,20.58,1.96,86.4,258800.0,4.0,1.0,5.0,51.99,11.79,False,True,True,32.63,59.68,36.59,16.18
48439113112,Census Tract 1131.12,1105,320,64.29,59.38,90.91,165,19,0.9,0.85,68417.0,5.63,3.82,39.46,7.69,34.5,281900.0,5.0,1.0,6.0,49.05,51.97,True,True,True,34.12,67.05,40.04,100.0
48439113952,Census Tract 1139.52,2125,725,85.98,73.1,84.06,475,55,0.9,0.86,79684.0,10.99,2.29,31.14,2.97,55.27,334700.0,,,,,,False,False,False,57.38,79.34,,0.0
48439113215,Census Tract 1132.15,1795,475,82.0,71.58,84.62,220,119,0.65,0.71,75610.0,3.54,5.08,26.43,3.96,80.92,214600.0,23.0,1.0,24.0,30.93,26.72,False,True,True,40.1,61.27,74.37,36.67
48439113302,Census Tract 1133.02,1630,885,78.49,48.47,90.91,300,124,0.71,0.65,52006.0,10.83,1.66,27.46,5.84,66.22,119100.0,13.0,19.0,32.0,407.13,51.27,True,True,True,60.57,57.34,68.21,100.0
48439114013,Census Tract 1140.13,2650,1535,89.57,88.6,78.57,740,615,0.55,0.57,65424.0,20.97,7.34,54.19,2.0,81.98,205900.0,,,,,,False,False,False,73.54,54.31,,0.0
48439114105,Census Tract 1141.05,1105,175,41.67,54.29,55.56,0,95,0.0,0.71,152271.0,8.82,2.3,18.31,19.02,90.23,469600.0,,,,,,False,False,False,18.16,22.63,,0.0
48439104203,Census Tract 1042.03,105,60,40.0,33.33,25.0,10,10,0.5,1.0,,56.19,12.48,24.04,45.83,61.46,,,,,,,False,False,False,26.5,44.59,,0.0
48439110806,Census Tract 1108.06,1890,420,77.56,74.76,67.5,84,224,0.27,0.48,94409.0,5.32,3.03,26.26,4.6,96.97,214500.0,18.0,0.0,18.0,194.51,8.01,False,True,True,32.01,35.92,63.41,10.99
48439110901,Census Tract 1109.01,2035,535,76.67,68.22,84.0,225,140,0.62,0.44,92904.0,4.73,4.28,34.66,2.59,82.04,220800.0,1.0,1.0,2.0,18.68,15.56,False,True,True,39.65,51.11,26.36,21.36
48439105513,Census Tract 1055.13,1695,1100,86.59,79.55,84.62,870,10,0.99,1.0,33039.0,20.98,5.72,58.32,12.45,2.02,,0.0,0.0,0.0,0.0,57.58,True,False,False,72.24,69.06,10.87,100.0
48439106005,Census Tract 1060.05,1405,640,84.38,65.63,100.0,260,165,0.61,0.55,60304.0,9.41,6.82,39.73,5.7,79.22,134500.0,,,,,,False,False,False,62.35,48.2,,0.0
48439111536,Census Tract 1115.36,1485,815,88.16,71.17,70.97,555,29,0.95,0.9,48413.0,13.64,5.18,43.19,5.9,28.66,182400.0,0.0,0.0,0.0,0.0,50.07,False,False,False,58.6,75.61,10.87,68.72
48439113004,Census Tract 1130.04,1060,95,78.57,68.42,100.0,24,40,0.38,0.48,108129.0,0.83,4.37,17.89,4.84,84.77,259100.0,,,,,,False,False,False,35.72,37.86,,0.0
48439113920,Census Tract 1139.20,1785,195,58.0,61.03,40.0,60,64,0.48,0.51,108789.0,1.1,5.31,20.45,1.92,96.15,242400.0,1.0,0.0,1.0,5.01,17.5,False,True,True,9.48,49.69,24.46,24.02
48439113932,Census Tract 1139.32,1875,390,100.0,94.87,100.0,145,225,0.39,0.98,105388.0,0.41,5.57,31.27,4.19,92.09,350300.0,,,,,,False,False,False,52.73,61.35,,0.0
48439113933,Census Tract 1139.33,1300,240,92.86,95.83,87.5,230,0,1.0,1.0,97839.0,4.54,7.29,31.82,17.74,1.14,,,,,,,False,False,False,43.55,66.43,,0.0
48439113945,Census Tract 1139.45,1145,180,15.38,50.0,100.0,4,85,0.04,0.47,134402.0,0.36,4.57,16.54,1.38,91.89,300900.0,,,,,,False,False,False,25.09,39.21,,0.0
48439113206,Census Tract 1132.06,2190,1245,78.89,67.07,89.23,575,260,0.69,0.57,50921.0,22.32,1.82,40.4,5.4,62.04,157600.0,8.0,7.0,15.0,194.66,46.04,False,True,True,72.31,53.16,51.18,63.19
48439113949,Census Tract 1139.49,965,100,100.0,100.0,100.0,0,100,0.0,1.0,162181.0,11.57,12.62,10.36,0.0,100.0,308900.0,,,,,,False,False,False,61.38,65.03,,0.0
48439113950,Census Tract 1139.50,2650,280,72.73,82.14,100.0,140,90,0.61,0.66,142658.0,1.36,10.82,18.94,0.0,80.05,310300.0,,,,,,False,False,False,37.1,66.3,,0.0
48439121611,Census Tract 1216.11,1470,440,86.49,67.05,90.0,119,175,0.4,0.36,82565.0,10.71,6.05,29.08,3.09,90.13,185000.0,17.0,3.0,20.0,143.25,24.17,False,True,True,53.38,39.33,64.22,33.17
48439121904,Census Tract 1219.04,1450,905,69.67,62.43,72.88,515,55,0.9,0.8,45625.0,22.6,10.22,38.95,14.12,37.66,121800.0,14.0,10.0,24.0,373.73,57.68,True,True,True,55.96,55.69,65.49,100.0
48439106700,Census Tract 1067,945,345,82.35,53.62,85.71,105,80,0.57,0.5,58972.0,10.66,7.16,33.33,3.67,87.05,118300.0,20.0,0.0,20.0,179.75,49.09,False,True,True,46.33,48.33,67.3,67.38
48439102301,Census Tract 1023.01,1415,885,70.0,71.19,65.31,500,135,0.79,0.8,37146.0,10.28,1.54,44.25,14.95,39.68,153900.0,9.0,0.0,10.0,138.84,61.98,True,True,True,45.38,50.24,47.46,100.0
48439104803,Census Tract 1048.03,2005,1380,74.36,53.99,81.08,570,170,0.77,0.59,39144.0,27.35,6.03,37.29,9.57,55.17,86500.0,11.0,0.0,11.0,57.76,78.49,True,True,True,67.24,48.35,50.09,100.0
48439111307,Census Tract 1113.07,1145,630,94.59,69.05,92.31,400,35,0.92,0.84,49595.0,9.81,6.13,39.77,7.14,37.18,169100.0,3.0,1.0,4.0,100.82,43.08,False,True,True,63.47,68.43,33.51,59.13
48439106004,Census Tract 1060.04,2175,1290,68.99,53.1,71.79,330,344,0.49,0.44,56396.0,11.93,3.38,32.2,3.67,62.26,115200.0,69.0,0.0,69.0,573.99,60.87,True,True,True,54.36,43.4,97.28,100.0
48439113917,Census Tract 1139.17,2415,795,77.38,70.44,66.67,290,265,0.52,0.45,85184.0,15.84,3.36,27.7,4.09,91.42,189800.0,22.0,0.0,22.0,189.93,32.24,False,True,True,51.82,43.67,71.83,44.25
48439114014,Census Tract 1140.14,2540,805,76.92,61.49,100.0,125,365,0.26,0.2,81746.0,2.05,2.77,24.16,0.63,98.36,197700.0,,,,,,False,False,False,53.42,35.66,,0.0
48439113618,Census Tract 1136.18,2070,760,79.76,53.95,100.0,95,310,0.23,0.43,72955.0,2.36,4.34,26.11,9.1,80.62,182100.0,1.0,0.0,1.0,3.49,24.02,False,True,True,54.04,22.4,24.46,32.97
48439121615,Census Tract 1216.15,1300,450,87.93,73.33,81.82,160,170,0.48,0.43,77255.0,4.77,0.49,25.12,24.39,55.05,179100.0,,,,,,False,False,False,43.21,19.16,,0.0
48439113632,Census Tract 1136.32,1880,170,65.0,61.76,58.33,55,43,0.56,0.71,158304.0,2.9,2.94,10.38,0.9,95.62,428700.0,0.0,0.0,0.0,0.0,8.33,False,False,False,16.0,63.7,10.87,11.43
48439106525,Census Tract 1065.25,625,130,84.62,92.31,,0,120,0.0,0.31,129167.0,1.04,0.0,24.12,8.08,100.0,217600.0,,,,,,False,False,False,24.11,17.2,,0.0
48439104604,Census Tract 1046.04,1010,700,68.32,52.86,77.97,295,74,0.8,0.63,38851.0,24.7,8.04,36.8,4.08,72.01,69900.0,13.0,11.0,43.0,1104.52,76.71,True,True,True,53.32,63.84,72.92,100.0
48439105516,Census Tract 1055.16,980,415,90.91,66.27,86.21,185,85,0.69,0.54,71053.0,8.53,5.71,30.04,1.11,77.64,178700.0,,,,,,False,False,False,51.43,61.06,,0.0
48439111315,Census Tract 1113.15,1140,440,75.61,72.73,27.27,95,225,0.3,0.31,70497.0,14.64,11.75,37.31,0.0,100.0,227800.0,,,,,,False,False,False,35.62,40.69,,0.0
48439105800,Census Tract 1058,1375,1020,84.62,61.76,96.3,415,225,0.65,0.54,40738.0,19.64,15.09,46.61,8.1,76.04,90500.0,27.0,15.0,42.0,668.97,66.92,True,True,True,74.26,43.3,84.6,100.0
48439100503,Census Tract 1005.03,835,435,92.89,59.54,26.67,149,109,0.58,0.58,61593.0,6.38,0.0,36.44,6.58,70.87,92600.0,,,,,,False,False,False,36.86,45.19,,0.0
48439113714,Census Tract 1137.14,1395,415,51.22,34.94,62.5,30,115,0.21,0.64,,12.06,5.87,20.32,3.6,67.61,324600.0,,,,,,False,False,False,29.24,45.23,,0.0
48439123700,Census Tract 1237,1680,545,72.5,61.28,61.7,285,52,0.85,0.88,73953.0,12.39,5.13,34.86,17.07,33.4,349700.0,,,,,,False,False,False,39.28,55.73,,0.0
48439113930,Census Tract 1139.30,3750,495,88.46,84.65,100.0,265,154,0.63,0.64,89068.0,1.64,1.67,32.1,0.0,98.48,243400.0,,,,,,False,False,False,51.2,66.45,,0.0
48439114111,Census Tract 1141.11,675,255,58.33,70.59,47.37,70,110,0.39,1.0,134063.0,9.04,2.34,30.62,2.17,85.96,445200.0,,,,,,False,False,False,21.69,67.48,,0.0
48439122401,Census Tract 1224.01,760,715,63.96,49.65,66.67,355,0,1.0,0.95,21678.0,51.62,13.15,52.37,11.11,20.0,,,,,,,False,False,False,50.98,69.35,,0.0
48439102101,Census Tract 1021.01,1245,190,50.0,60.53,35.71,85,30,0.74,1.0,107841.0,3.33,1.75,17.66,15.06,43.97,437800.0,,,,,,False,False,False,10.29,58.04,,0.0
48439102201,Census Tract 1022.01,1530,530,63.89,60.38,58.06,120,200,0.38,0.49,84537.0,10.97,1.7,31.53,8.15,74.16,387900.0,11.0,0.0,11.0,72.81,40.45,False,True,True,33.2,30.22,50.09,55.52
48439110301,Census Tract 1103.01,1085,740,53.42,35.14,61.9,135,120,0.53,0.51,44795.0,19.07,7.31,31.09,8.14,65.25,87500.0,7.0,3.0,10.0,76.83,72.26,True,True,True,42.32,36.67,45.65,100.0
48439110808,Census Tract 1108.08,1325,155,98.67,89.68,100.0,25,114,0.18,0.92,153750.0,3.89,6.19,20.81,13.5,91.32,419400.0,0.0,0.0,0.0,0.0,16.84,False,False,False,51.47,36.59,10.87,23.11
48439110905,Census Tract 1109.05,1630,300,67.86,49.67,93.33,45,99,0.31,0.39,97181.0,5.1,3.59,9.75,11.17,86.93,173200.0,4.0,4.0,8.0,70.25,21.0,False,True,True,35.89,19.02,39.86,28.82
48439111015,Census Tract 1110.15,805,360,72.0,63.33,76.67,74,147,0.33,0.31,66875.0,10.99,4.18,31.26,7.81,91.27,152100.0,4.0,1.0,25.0,80.04,22.15,False,True,True,37.41,23.91,55.62,30.4
48439106102,Census Tract 1061.02,1490,1200,69.07,58.67,59.07,634,65,0.91,0.83,29611.0,24.63,8.68,51.71,16.28,10.78,25200.0,0.0,0.0,0.0,0.0,87.44,True,False,False,57.11,55.54,10.87,100.0
48439106512,Census Tract 1065.12,2060,990,83.93,60.61,86.15,530,80,0.87,0.87,54342.0,10.53,3.73,37.41,9.02,42.66,204200.0,12.0,0.0,12.0,112.14,57.4,True,True,True,62.69,64.75,52.08,100.0
48439113808,Census Tract 1138.08,2070,775,81.05,59.35,100.0,130,325,0.29,0.25,76647.0,10.52,5.34,24.02,0.0,97.92,155100.0,23.0,10.0,34.0,472.55,27.69,False,True,True,65.07,39.04,79.8,38.01
48439113906,Census Tract 1139.06,2235,180,96.55,83.33,92.86,60,95,0.39,1.0,211066.0,2.02,0.51,20.64,5.94,91.66,719600.0,0.0,0.0,0.0,0.0,5.95,False,False,False,44.47,58.87,10.87,8.17
48439114205,Census Tract 1142.05,1215,585,53.42,41.03,52.17,110,130,0.46,0.41,64293.0,21.31,8.05,21.77,8.56,87.38,132000.0,1.0,5.0,6.0,100.95,42.21,False,True,True,37.58,29.14,31.97,57.94
48439111555,Census Tract 1115.55,1460,315,64.71,58.73,78.95,70,115,0.38,0.27,114044.0,4.06,1.47,17.59,4.51,91.18,236900.0,,,,,,False,False,False,26.58,31.97,,0.0
48439104605,Census Tract 1046.05,1630,1110,77.78,64.41,87.5,420,294,0.59,0.48,37902.0,31.24,14.16,49.6,14.65,73.68,110600.0,33.0,0.0,33.0,334.64,57.37,True,True,True,71.52,28.32,82.97,100.0
48439111003,Census Tract 1110.03,975,410,62.93,44.63,80.95,40,148,0.21,0.26,67262.0,12.6,5.37,21.05,4.13,98.72,164700.0,2.0,1.0,3.0,16.74,26.01,False,True,True,38.46,28.53,30.43,35.7
48439111018,Census Tract 1110.18,775,180,97.78,46.67,100.0,33,52,0.39,0.93,98427.0,1.18,4.57,16.0,9.36,88.89,301600.0,1.0,0.0,10.0,59.67,27.38,False,True,True,48.32,47.68,35.33,37.58
48439105207,Census Tract 1052.07,1450,1280,84.91,80.08,84.47,1025,0,1.0,1.0,22995.0,37.95,12.1,71.63,12.53,1.75,,,,,,,False,False,False,76.12,70.37,,0.0
48439111314,Census Tract 1113.14,2145,260,53.33,84.62,53.33,15,205,0.07,0.5,120515.0,8.75,5.11,23.87,1.65,99.59,309900.0,0.0,0.0,0.0,0.0,8.09,False,False,False,21.22,40.29,10.87,11.1
48439100402,Census Tract 1004.02,1130,790,57.8,43.67,59.72,260,89,0.74,0.61,37917.0,26.12,7.05,30.65,13.69,73.47,79000.0,,,,,,False,False,False,46.77,42.56,,0.0
48439106202,Census Tract 1062.02,1695,1170,66.86,61.54,67.35,505,220,0.7,0.63,33957.0,28.71,7.7,43.69,10.41,47.65,64600.0,32.0,3.0,36.0,485.59,78.44,True,True,True,58.74,45.56,83.97,100.0
48439111532,Census Tract 1115.32,2600,705,75.51,51.06,82.05,135,225,0.38,0.42,86579.0,8.43,2.41,20.71,6.07,86.7,196200.0,15.0,2.0,17.0,110.5,28.45,False,True,True,47.16,31.99,60.14,39.05
48439123002,Census Tract 1230.02,1300,560,87.67,82.86,64.0,400,68,0.85,0.92,64375.0,5.48,3.1,47.62,18.75,38.63,893900.0,,,,,,False,False,False,40.65,56.97,,0.0
48439113811,Census Tract 1138.11,1580,510,66.67,53.92,36.36,185,90,0.67,0.67,72717.0,10.51,1.64,19.09,5.61,58.65,156200.0,20.0,2.0,22.0,228.06,34.09,False,True,True,30.78,56.81,69.66,46.79
48439113815,Census Tract 1138.15,1900,60,100.0,100.0,100.0,10,55,0.15,1.0,201631.0,0.85,4.58,19.27,0.0,98.74,538600.0,0.0,0.0,0.0,0.0,3.32,False,False,False,47.46,67.27,10.87,4.56
48439113007,Census Tract 1130.07,1170,895,50.88,49.16,37.66,275,170,0.62,0.64,40917.0,21.18,3.77,38.91,7.42,46.37,116900.0,,,,,,False,False,False,43.32,48.96,,0.0
48439113925,Census Tract 1139.25,1425,370,69.57,54.05,100.0,40,165,0.2,0.14,74778.0,4.52,3.49,15.08,4.62,99.73,158800.0,15.0,0.0,15.0,128.28,13.94,False,True,True,41.85,25.41,58.61,19.13
48439113946,Census Tract 1139.46,1750,500,97.94,95.0,93.33,195,280,0.41,0.61,124155.0,5.38,1.05,27.18,12.36,67.82,258100.0,,,,,,False,False,False,56.26,30.84,,0.0
48439113522,Census Tract 1135.22,950,285,100.0,98.25,100.0,280,0,1.0,1.0,66113.0,8.38,1.28,40.61,11.9,0.93,285700.0,,,,,,False,False,False,61.36,70.93,,0.0
48439121704,Census Tract 1217.04,1045,730,77.48,64.93,96.36,400,78,0.84,0.78,35943.0,32.49,3.31,49.33,9.61,51.6,109100.0,14.0,3.0,17.0,338.83,66.8,True,True,True,68.4,58.83,58.97,100.0
48439111552,Census Tract 1115.52,1255,450,84.09,58.89,100.0,115,145,0.44,0.36,74828.0,6.3,6.08,25.04,13.87,87.91,183600.0,8.0,2.0,10.0,94.93,36.19,False,True,True,53.3,18.7,46.65,49.67
48439111559,Census Tract 1115.59,790,385,83.72,83.12,69.57,320,0,1.0,1.0,52926.0,9.69,7.29,53.48,23.35,15.41,,,,,,,False,False,False,40.43,64.8,,0.0
48439103602,Census Tract 1036.02,885,615,51.96,43.58,63.79,134,134,0.5,0.35,35904.0,33.79,5.76,34.35,9.14,96.3,78900.0,45.0,4.0,49.0,545.12,53.72,True,True,True,43.26,27.13,90.85,100.0
48439111570,Census Tract 1115.70,1460,780,94.0,72.44,83.78,545,20,0.96,0.92,54500.0,18.4,3.84,38.85,5.37,28.28,114600.0,,,,,,False,False,False,68.47,77.84,,0.0
48439105505,Census Tract 1055.05,2115,940,86.36,64.79,86.67,495,114,0.81,0.76,61750.0,13.74,3.39,30.71,6.79,35.16,191500.0,4.0,0.0,4.0,23.22,41.58,False,True,True,66.44,62.53,35.33,57.07
48439111408,Census Tract 1114.08,1500,510,80.88,69.61,100.0,280,62,0.82,0.87,73047.0,10.29,4.04,29.84,14.15,51.0,287100.0,0.0,1.0,1.0,29.05,22.92,False,True,False,57.8,55.24,16.85,31.46
48439100504,Census Tract 1005.04,1225,855,67.35,40.94,97.83,210,135,0.61,0.36,46672.0,33.37,5.01,30.61,12.75,82.69,95300.0,,,,,,False,False,False,67.32,27.23,,0.0
48439113941,Census Tract 1139.41,2265,830,100.0,75.3,100.0,370,260,0.59,0.58,65682.0,5.71,9.95,31.36,7.86,54.9,223000.0,,,,,,False,False,False,71.07,42.93,,0.0
48439101500,Census Tract 1015,1560,920,81.51,64.67,90.28,390,200,0.66,0.62,44396.0,20.69,4.2,40.96,10.45,81.11,117200.0,26.0,0.0,26.0,208.58,58.19,True,True,True,68.71,43.29,78.26,100.0
48439101700,Census Tract 1017,470,405,42.86,37.04,26.19,85,69,0.55,0.73,26554.0,60.81,21.06,32.34,32.28,46.69,96900.0,16.0,6.0,43.0,964.1,89.06,True,True,True,33.18,35.05,76.27,100.0
48439102401,Census Tract 1024.01,2090,1015,87.22,73.79,77.42,614,134,0.82,0.84,61157.0,9.51,3.69,42.48,10.77,37.86,272300.0,4.0,0.0,8.0,133.98,35.8,False,True,True,59.9,58.28,39.86,49.14
48439110202,Census Tract 1102.02,1175,575,68.85,48.7,66.67,90,190,0.32,0.34,60635.0,10.09,9.26,25.64,2.89,95.78,122000.0,59.0,6.0,65.0,158.05,52.76,True,True,True,37.74,36.5,95.56,100.0
48439111558,Census Tract 1115.58,1785,925,85.71,64.32,91.67,450,150,0.75,0.62,58611.0,16.96,8.34,38.28,6.6,68.53,143700.0,,,,,,False,False,False,70.32,55.3,,0.0
48439110704,Census Tract 1107.04,1710,965,67.8,56.48,75.93,400,139,0.74,0.63,45511.0,10.95,2.63,31.85,5.57,53.2,110700.0,33.0,22.0,63.0,451.66,54.88,True,True,True,49.95,58.15,90.58,100.0
48439104601,Census Tract 1046.01,1385,1195,54.88,31.72,87.69,219,160,0.58,0.43,43025.0,15.69,10.39,27.24,3.69,96.87,93200.0,20.0,3.0,24.0,579.72,78.07,True,True,True,58.37,45.98,71.38,100.0
48439104702,Census Tract 1047.02,970,780,74.56,58.33,83.33,365,90,0.8,0.62,34238.0,30.01,6.3,46.54,3.39,70.49,82600.0,10.0,4.0,14.0,179.41,82.53,True,True,True,61.02,65.44,51.72,100.0
48439111033,Census Tract 1110.33,1480,265,73.91,83.02,75.0,0,220,0.0,0.6,104975.0,5.33,8.1,29.22,1.46,100.0,237700.0,,,,,,False,False,False,28.64,44.24,,0.0
48439106002,Census Tract 1060.02,1190,750,56.82,36.0,82.35,115,150,0.43,0.24,44676.0,14.33,12.02,22.23,10.24,83.73,87600.0,17.0,1.0,18.0,134.54,53.57,True,True,True,47.22,20.47,62.5,100.0
48439106300,Census Tract 1063,1220,875,55.65,50.86,62.69,355,84,0.81,0.57,37845.0,31.75,8.66,36.95,6.24,82.06,77600.0,52.0,9.0,61.0,1049.99,67.52,True,True,True,49.48,55.78,93.84,100.0
48439123500,Census Tract 1235,950,690,48.0,44.2,47.46,215,95,0.69,0.5,38114.0,36.06,9.59,34.14,18.47,87.46,58700.0,121.0,1.0,122.0,3279.32,86.55,True,True,True,41.95,31.8,99.46,100.0
48439113110,Census Tract 1131.10,2480,1220,93.59,54.92,90.91,560,110,0.84,0.87,56875.0,6.65,2.33,36.28,18.01,9.75,117000.0,14.0,0.0,14.0,85.92,58.39,True,True,True,69.21,53.68,56.43,100.0
48439113934,Census Tract 1139.34,2180,745,96.15,36.91,100.0,100,175,0.36,0.86,96574.0,0.0,3.44,17.74,10.72,60.56,270200.0,,,,,,False,False,False,59.56,40.75,,0.0
48439113944,Census Tract 1139.44,1910,105,100.0,76.19,100.0,10,70,0.12,0.76,108385.0,0.77,4.21,29.86,0.0,100.0,267900.0,,,,,,False,False,False,47.74,56.42,,0.0
48439113221,Census Tract 1132.21,2545,810,93.65,79.01,100.0,380,260,0.59,0.63,75714.0,6.14,4.5,31.5,4.47,42.7,292200.0,0.0,1.0,1.0,29.43,18.26,False,True,False,67.91,54.23,16.85,25.06
48439121610,Census Tract 1216.10,935,340,61.6,54.12,61.25,159,29,0.85,0.7,81667.0,11.88,3.49,26.55,5.08,87.2,187000.0,3.0,0.0,3.0,16.65,31.17,False,True,True,29.38,66.91,32.25,42.78
48439113622,Census Tract 1136.22,2680,415,94.74,91.57,84.62,20,360,0.05,0.96,151603.0,3.13,4.55,31.81,6.62,84.62,487600.0,0.0,0.0,0.0,0.0,5.77,False,False,False,45.48,48.55,10.87,7.92
48439113624,Census Tract 1136.24,1520,250,99.09,75.6,100.0,135,48,0.74,0.65,108750.0,3.38,3.8,17.38,1.49,85.86,242900.0,12.0,0.0,12.0,8.33,16.3,False,True,True,53.05,67.55,52.08,22.37
48439121613,Census Tract 1216.13,1830,685,83.15,60.58,75.81,380,40,0.9,0.88,69542.0,17.72,3.09,27.09,10.2,46.54,186800.0,,,,,,False,False,False,55.41,63.61,,0.0
48439113640,Census Tract 1136.40,2045,110,100.0,100.0,100.0,0,110,0.0,1.0,205728.0,1.66,6.34,32.22,1.26,100.0,692200.0,,,,,,False,False,False,49.13,61.99,,0.0
48439106518,Census Tract 1065.18,3240,1285,86.47,62.26,100.0,800,0,1.0,1.0,62875.0,12.75,0.33,31.31,11.09,0.27,,0.0,0.0,0.0,0.0,40.71,False,False,False,78.36,71.93,10.87,55.88
48439102602,Census Tract 1026.02,1435,620,62.12,54.84,87.88,180,155,0.54,0.56,74375.0,6.95,5.14,28.18,9.91,85.96,187300.0,8.0,0.0,8.0,83.62,66.98,True,True,True,41.16,35.68,45.11,100.0
48439110104,Census Tract 1101.04,1280,710,47.73,34.51,72.41,170,75,0.69,0.9,46676.0,11.11,2.58,20.06,10.79,29.11,206300.0,,,,,,False,False,False,38.28,55.3,,0.0
48439111024,Census Tract 1110.24,1585,635,87.76,42.52,100.0,185,85,0.69,0.42,66911.0,3.93,22.34,30.64,3.83,95.93,165200.0,,,,,,False,False,False,57.6,49.75,,0.0
48439105407,Census Tract 1054.07,1700,690,93.85,97.1,85.19,670,0,1.0,1.0,55910.0,5.37,2.02,43.27,10.19,1.0,,,,,,,False,False,False,55.13,73.56,,0.0
48439111309,Census Tract 1113.09,1360,670,84.29,59.7,95.65,275,129,0.68,0.54,55417.0,9.79,5.38,31.42,5.76,78.16,132100.0,11.0,6.0,17.0,183.98,49.73,False,True,True,59.19,50.4,55.07,68.26
48439105600,Census Tract 1056,1760,635,71.83,55.12,90.7,54,294,0.16,0.19,64019.0,11.88,6.66,22.47,7.7,97.49,127400.0,33.0,1.0,34.0,239.4,51.66,True,True,True,51.97,18.13,83.7,100.0
48439100900,Census Tract 1009,650,450,60.56,55.56,74.47,190,64,0.75,0.68,30357.0,32.11,12.81,38.31,16.34,80.05,81400.0,6.0,8.0,14.0,407.58,79.52,True,True,True,43.68,44.58,48.46,100.0
48439106513,Census Tract 1065.13,1050,530,88.71,66.79,84.0,169,184,0.48,0.42,53367.0,17.77,2.87,35.36,5.31,87.67,145900.0,35.0,0.0,35.0,233.42,42.78,False,True,True,59.09,37.61,85.14,58.72
48439111534,Census Tract 1115.34,2255,695,53.73,53.24,53.33,115,260,0.31,0.44,86977.0,7.63,3.09,17.83,4.57,91.66,180300.0,36.0,3.0,39.0,255.57,14.59,False,True,True,30.32,35.4,87.05,20.03
